,product,item_code,store,brand,url,price,item description,image url
0,Մատանի «DF Project» արծաթյա №14,N:051649,DF project,DF Project,https://4u.am/hy/product/matani-df-project-arcatya-no14,9000,"925 հարգի արծաթյա մատանի:
Չափը՝ կարգավորվող:
Քարը՝ օնիքս։
Քաշը՝ 3.5 գ։",https://static.4u.am/origin/product/1024/dejhlp-iRIAG78l4.jpg
1,Բրոշ «LilmArt» աստղ,N:006014,LilmArt,,https://4u.am/hy/product/bros-lilmart-astg,4400,"Բրոշը ամբոջությամբ ձեռքի աշխատանք է:


Քարերը`բյուրեղ:


Երկարությունը` 4 սմ: 


Կարող եք պատվիրել Ձեր ցանկացած չափի:",https://static.4u.am/origin/product/1024/0sTXJB1jHm82-zwM.jpg
2,Թևնոց «SOKOLOV» 94050369,N:074276,Charm.am,,https://4u.am/hy/product/tevnoc-sokolov-94050369,13900,"Ապրանքանիշ` SOKOLOV
Մետաղը՝ 925 հարգի արծաթ՝ ռոդիումապատ",https://static.4u.am/origin/product/1024/5uIfr0JyNob8-wzp.jpg
3,Ականջօղեր «DF Project» լուսածին արծաթյա,N:000719,DF project,DF Project,https://4u.am/hy/product/akanjoger-df-project-lusacin-arcatya,20000,"Նյութը՝ արծաթ, 925 հարգի:",https://static.4u.am/origin/product/1024/NqO4ttU4pr8OMTUF.jpg
4,Կախազարդ «Less is more» ոսկյա աղոթագիրք №1,N:018212,Less is more,Less is more,https://4u.am/hy/product/kaxazard-u-sgta-oskya-54,95200,"Ոսկյա կախազարդ` աղոթագիրք:
Քաշը` 3 գրամ:

Շղթան ներառված չէ արժեքում:",https://static.4u.am/origin/product/1024/jROTFWKqA28on79R.jpg
5,"Ականջօղեր «DF Project» փետուր, արծաթյա №6",N:051648,DF project,DF Project,https://4u.am/hy/product/akanjoger-df-project-petur-arcatya-no6,16000,"Նյութը՝ 925 հարգի արծաթ:
Քաշը՝ 5.5 գրամ։",https://static.4u.am/origin/product/1024/YQVM7SL1-nzwAjXP.jpg
6,Վզնոց «Oliver Weber»  11056R,00-00006571,Time,Oliver Weber,https://4u.am/hy/product/vznoc-oliver-weber-11056r,22600,"Ապրանքանիշ` Oliver Weber
Սեռ` կանացի
Necklace Չափերը (սմ)`  42-3
Երկիր` Ավստրիա
Բյուրեղ1` Swarovski բյուրեղ
Նյութը` 925 հարգի արծաթ
Նյութը 2` ռոդիումապատ
Նյութի գույնը` արծաթագույն
Pendant Նյութը 1` ռոդիումապատ
Pendant Գույն` արծաթագույն
Pendant Ձևը` շրջանաձև
Pendant Չափերը (սմ)`   0.8x0.8
Զարդերի համար երաշխիք չի տրվում:",https://static.4u.am/origin/product/1024/lpyncLyRZnIvFwjH.jpg
7,Մատանի «Kara Silver» Քամելեոն,N:014322,Kara silver,Kara Silver,https://4u.am/hy/product/matani-kara-silver-kameleon,65000,"Թաթի մասում կարգավորվող չափսերով արծաթե մատանի (925 հարգ) քամելեոնի տեսքով, նախատեսված է 2 մատի համար, կորպուսի շարժական դետալներով և սև ցիրկոններով աչքերով:",https://static.4u.am/origin/product/1024/ep8r6B6ZVXHXxuVB.jpg
8,Թևնոց  «Ti Sento» 2670PW,2670PW,Time,Ti Sento,https://4u.am/hy/product/tevnoc-ti-sento-2670pw,18300,"Ապրանքանիշ` Ti Sento
Սեռ` կանացի
Ապրանքի անվանում` Ti Sento Bracelet / 2670PW
Երկիր` Հոլանդիա


Նյութը 2` ռոդիումապատ

Նյութի գույնը 2` արծաթագույն

ՈՒլունքի նյութը` մարգարիտ
Ուլունքի գույնը` սպիտակ
Զարդերի համար երաշխիք չի գործում",https://static.4u.am/origin/product/1024/kX89tNGt2I1lvPfa.jpg
9,Մատանի «Har Jewelry» արծաթյա №15,N:000925,Har jewellery,Har Jewelry,https://4u.am/hy/product/matani-har-jewelry-arcatya-no15,8700,"Նյութը՝  925 հարգի արծաթ, քաշը` 4,8 գ:",https://static.4u.am/origin/product/1024/5YqoFbb8fWhuhbU_.jpg
10,Բրոշ «Phantom» վարդ,N:019583,Phantom.am,,https://4u.am/hy/product/bros-phantom-vard,20000,Բրոշը պատրաստված է 925 հարգի արծաթից:,https://static.4u.am/origin/product/1024/3X7ChGi4o_EStjRu.jpg
11,Ականջօղեր «Tamama» DOA net Cuffs,N:074674,Tamama,Tamama,https://4u.am/hy/product/akanjoger-tamama-doa-net-cuffs,10500,"Թրենդային ականջօղեր`caffs, պատրաստված 925 հարգի արծաթից։",https://static.4u.am/origin/product/1024/muFGd41JJdWKgFyY.jpg
12,Մատանի «DF Project» արծաթյա №17,N:051652,DF project,DF Project,https://4u.am/hy/product/matani-df-project-arcatya-no17,16000,"925 հարգի արծաթյա մատանի:
Չափը՝ կարգավորվող:
Քարը՝ օնիքս։
Քաշը՝ 6 գ։",https://static.4u.am/origin/product/1024/Zv0wp9wIQgvYdUyH.jpg
13,Բրոշ «LilmArt» ձեռագործ փիրուզ,N:001008,LilmArt,,https://4u.am/hy/product/bros-lilmart-jeragorc-piruz,8500,"Ձեռագործ բրոշ փիրուզով և չեխական բյուրեղներից:


Թևերի բացվածքը` 9 սմ:",https://static.4u.am/origin/product/1024/clTue1AVOpw3O0ti.jpg
14,Մատանի «Har Jewelry» արծաթյա №12,N:000922,Har jewellery,Har Jewelry,https://4u.am/hy/product/matani-har-jewelry-arcatya-no12,11300,"Նյութը՝  925 հարգի արծաթ,քաշը 5,5 գ,:",https://static.4u.am/origin/product/1024/CmJ-wrEtw5KG_ObU.jpg
15,Բրոշ «LilmArt» բալ,N:006019,LilmArt,,https://4u.am/hy/product/bros-lilmart-bal,11000,"Բրոշը ամբոջությամբ ձեռքի աշխատանք է:


Քարերը`Սվարովսկի մարգարիտ, բյուրեղ, կանիտել, ճապոնական թեփուկ:


Երկարությունը` 8 սմ: 


Կարող եք պատվիրել Ձեր ցանկացած չափի:",https://static.4u.am/origin/product/1024/e-5EdKZNK4kQDSl8.jpg
16,Վզնոց «Oliver Weber»  11025RG,00-00006524,Time,Oliver Weber,https://4u.am/hy/product/vznoc-oliver-weber-11025rg,17200,"Ապրանքանիշ` Oliver Weber
Սեռ` կանացի
Necklace Չափերը (սմ)` 42-3
Երկիր` Ավստրիա
Բյուրեղ1` Swarovski բյուրեղ
Նյութը` 925 հարգի արծաթ
Նյութը 2` ռոդիումապատ
Նյութի գույնը` վարդագույն ոսկի
Pendant Նյութը 1` ռոդիումապատ
Pendant Գույն` վարդագույն ոսկի
Pendant Ձևը` շրջանաձև
Pendant Չափերը (սմ)`   1x1
Զարդերի համար երաշխիք չի տրվում:",https://static.4u.am/origin/product/1024/9F42w3POUZybfT3D.jpg
17,Թևնոց «Brosway» BHK16,BHK16,Time,Brosway,https://4u.am/hy/product/tevnoc-brosway-bhk16,23400,"Ապրանքանիշ` Brosway
Սեռ` կանացի
Ապրանքի անվանում` Brosway Bracelet / BHK16
Երկիր` Իտալիա
Բյուրեղ1` Swarovski բյուրեղ
Նյութը` չժանգոտվող բժշկական պողպատ
Նյութի գույնը` արծաթագույն
Զարդերի համար երաշխիք չի գործում",https://static.4u.am/origin/product/1024/ACQjCcShNccbun9q.jpg
18,"Մատանի «Tamama» արծաթյա, Վան M004",N:074567,Tamama,Tamama,https://4u.am/hy/product/matani-tamama-arcatya-van-m004,6500,"925 հարգի արծաթյա մատանի:
Չափը՝ կարգավորվող:
Քաշը՝ 2.82 գ։",https://static.4u.am/origin/product/1024/HT8U3xg4AsuYzTQ2.jpg
19,Թևնոց «LilmArt» ձեռագործ №1,N:001026,LilmArt,,https://4u.am/hy/product/tevnoc-lilmart-jeragorc-no1,9900,"Ձեռագործ թևնոցը պատրաստված է սուտաժից:


Քարերը` ապակի:


Երկարությունը` 6.5 սմ: 


Կարող եք պատվիրել Ձեր ցանկացած չափի:",https://static.4u.am/origin/product/1024/-p6f99YjaMMCq15J.jpg
20,Կախազարդ «SOKOLOV» 94031378,N:074220,Charm.am,,https://4u.am/hy/product/kaxazard-sokolov-94031378,9900,"Ապրանքանիշ` SOKOLOV
Մետաղը՝ 925 հարգի արծաթ՝ ռոդիումապատ
Բյուրեղը՝ ֆիանիտ",https://static.4u.am/origin/product/1024/SsjFKbjJfmvrpPr9.jpg
21,Մատանի «Har Jewelry» արծաթյա №9,N:000918,Har jewellery,Har Jewelry,https://4u.am/hy/product/matani-har-jewelry-arcatya-no9,10700,"Նյութը՝  925 հարգի արծաթ, քաշը` 5 գ:",https://static.4u.am/origin/product/1024/fK3TaksxzjpEixNo.jpg
22,Բրոշ «Phantom» եղնիկ,N:019579,Phantom.am,,https://4u.am/hy/product/bros-phantom-egnik,20000,Բրոշը պատրաստված է 925 հարգի արծաթից:,https://static.4u.am/origin/product/1024/MQcHqNshOlNgidnv.jpg
23,Թևնոց «DF Prjoect» գորգանախշ արծաթյա №3,N:000722,DF project,DF Project,https://4u.am/hy/product/tevnoc-df-prjoect-gorganaxs-arcatya-no3,27000,Նյութը՝  925 հարգի արծաթ:,https://static.4u.am/origin/product/1024/BD2L2S47Wdf5gQbP.jpg
24,Կախազարդ «Less is more» ոսկյա №1,N:018208,Less is more,Less is more,https://4u.am/hy/product/kaxazard-u-sgta-oskya-50,69600,"Ոսկյա կախազարդ:
Քաշը` 2.3 գրամ:

Շղթան ներառված չէ արժեքում:",https://static.4u.am/origin/product/1024/Ep7GdvwqWLDMlr4X.jpg
25,Ականջօղեր  «Ti Sento»   7768DB,00-00002133,Time,Ti Sento,https://4u.am/hy/product/akanjoger-ti-sento-7768db,25600,"Ապրանքանիշ` Ti Sento
Սեռ` կանացի
Երկիր` Իտալիա


Նյութը`   925 հարգի արծաթ
Նյութը 2` ռոդիումապատ
Զարդերի համար երաշխիք չի գործում",https://static.4u.am/origin/product/1024/uvlkiIs0fMooC0Ml.jpg
26,Ականջօղեր «Tamama» Նոյ Cuffs,N:074639,Tamama,Tamama,https://4u.am/hy/product/akanjoger-tamama-noy-cuffs,3500,"Թրենդային ականջօղեր`cuffs, պատրաստված 925 հարգի արծաթից։
Կարող եք կրել 1 հատով կամ մի քանի հատ միասին։",https://static.4u.am/origin/product/1024/W2sugVnqncGPKKhS.jpg
27,Վզնոց   «Oliver Weber» 11971,00-00029803,Time,Oliver Weber,https://4u.am/hy/product/vznoc-oliver-weber-11971,18560,"Ապրանքանիշ`  Oliver Weber
Սեռ`  կանացի
Ապրանքի անվանում`  Women Necklace/11971
Տիպ`  վզնոց 
Երկիր`  Ավստրիա
Բյուրեղ1`  Swarovski բյուրեղ
Նյութը`  բրասս
Նյութը 2`  ռոդիումապատ
Նյութի գույնը`  արծաթագույն
Զարդերի համար երաշխիք չի գործում։",https://static.4u.am/origin/product/1024/Q5bnhgDMyRH9N9Zs.jpg
28,Բրոշ «LilmArt» թիթեռնիկ,N:006016,LilmArt,,https://4u.am/hy/product/bros-lilmart-titernik,9900,"Բրոշը ամբոջությամբ ձեռքի աշխատանք է:


Քարերը`ամետիստ:


Երկարությունը` 7 սմ: 


Կարող եք պատվիրել Ձեր ցանկացած չափի:",https://static.4u.am/origin/product/1024/JfIWYmFWXBIX4L19.jpg
29,Մատանի «Kara Silver» Ճաշի սեղան,N:014312,Kara silver,Kara Silver,https://4u.am/hy/product/matani-kara-silver-casi-segan,58000,"Արծաթե մատանի (925 հարգ) ընթրիքի սպասքով սեղանի տեսքով (ափսե, պատառաքաղ, գդալ), ունի քաշովի դարակ:",https://static.4u.am/origin/product/1024/thYw4uAkQlUH2FV-.jpg
30,"Կախազարդ «Gisaneh» արծաթյա, կաշվե շղթայով",N:024721,Gisaneh zarder,Gisaneh,https://4u.am/hy/product/kaxazard-gisaneh-arcatya-kasve-sgtayov-2,9000,"Կանացի կախազարդ պատրաստված 925 հարգի արծաթից:
Շղթան՝ կաշվե:
Շղթայի երկարությունը՝ 46 սմ:
Քաշը՝ 5 գրամ:
Կախազարդի չափը՝ 
Երկարությունը՝ 3 սմ:
Լայնությունը՝ 1 սմ:",https://static.4u.am/origin/product/1024/va5Fsja-VWdsRB1N.jpg
31,Ականջօղ «Oliver Weber»  22606R,00-00005934,Time,Oliver Weber,https://4u.am/hy/product/akanjog-oliver-weber-22606r,13760,"Ապրանքանիշ`  Oliver Weber
Սեռ` կանացի
Երկիր`  Ավստրիա
Բյուրեղ1`  Swarovski բյուրեղ
Նյութը` բրասս
Նյութը 2` ռոդիումապատ
Նյութի գույնը` արծաթագույն
Ականջօղի ձևը`  խորանարդաձև
Ականջօղի ձևը2`  կախվող
Earring Փականներ`  բաց
Տեսակ`   ոճային
Զարդերի համար երաշխիք չի գործում։",https://static.4u.am/origin/product/1024/3ZPuQesqE35KZtGb.jpg
32,Ականջօղ  «Oliver Weber»   22623 920,00-00005938,Time,Oliver Weber,https://4u.am/hy/product/akanjog-oliver-weber-22623-920,11900,"Ապրանքանիշ`  Oliver Weber
Սեռ`  կանացի
Երկիր`  Ավստրիա


Բյուրեղ1`  Swarovski բյուրեղ
Նյութը 2`  ռոդիումապատ
Նյութի գույնը` արծաթագույն

Ականջօղի ձևը`  մեխանման
Earring Փականներ`  սեղմվող
Զարդերի համար երաշխիք չի գործում։",https://static.4u.am/origin/product/1024/90SzAQCyosOaxCuH.jpg
33,Ականջօղեր «Tamama» DOA net small Cuffs,N:074665,Tamama,Tamama,https://4u.am/hy/product/akanjoger-tamama-doa-net-small-cuffs,7500,"Թրենդային ականջօղեր`caffs, պատրաստված 925 հարգի արծաթից։",https://static.4u.am/origin/product/1024/RnJsuKV8K3tnMCDY.jpg
34,Բրոշ «Oliver Weber»  58016R,00-00006593,Time,Oliver Weber,https://4u.am/hy/product/bros-oliver-weber-58016r,26640,"Ապրանքանիշ`  Oliver Weber
Սեռ`  կանացի
Տիպ` բրոշ
Կատեգորիա` աքսեսուարներ",https://static.4u.am/origin/product/1024/m5qrwH0OIckvYWyM.jpg
35,Վզնոց  «Brosway»    BFF06,00-00004006,Time,Brosway,https://4u.am/hy/product/vznoc-brosway-bff06,39000,"Ապրանքանիշ`   Brosway
Սեռ`   կանացի
Երկիր`   Իտալիա


Բյուրեղ1`   Swarovski բյուրեղ
Նյութը`   չժանգոտվող պողպատ
Նյութի գույնը`  արծաթագույն


Զարդերի համար երաշխիք չի գործում:",https://static.4u.am/origin/product/1024/7G9rJvzLgnN6Nln0.jpg
36,Նվեր-քարտ «Danz»,N:003409,Danz,Danz,https://4u.am/hy/product/nver-kart-danz,25000,"Ստորև ներկայացված են մի քանի կարևոր տեղեկություններ DANZ-ի  նվեր քարտերի մասին.


Քարտը նվեր ստացողը հնարավորություն է ստանում ձեռք բերել իր իսկ նախընտրած ցանկացած 1 DANZ ակնոց՝ անկախ այդ ակնոցի գնից։ Քանի որ 1 քարտը = 1 ակնոց, այդ իսկ պատճառով հավելյալ գումար ավելացնելու կարիք չունեք։ Նշենք նաև, որ քարտի վրա գումարի չափը չի նշվում:


Քարտը նվեր ստացողը կարող է իր DANZ-ը ձեռք բերել օնլայն՝  https://www.danz.am/sales կայքի միջոցով կամ կարող է այցելել Դալմա Գարդեն մոլում գտնվող DANZ Fashion բուտիկ:

Քարտի գործողության ժամկետը՝ 1 տարի:",https://static.4u.am/origin/product/1024/GbVCO4iVDhVdlyot.jpg
37,Օպտիկական ակնոց «Danz» № DZ1002,N:003553,Danz,Danz,https://4u.am/hy/product/optikakan-aknoc-danz-no-dz1002,21000,"Այս գեղեցիկ ու հարմարավետ մոդելը, յուրովի համապատասխանում է թե՛ տղամարդկանց, թե՛ կանանց։Չափ 53-23-145Acetate",https://static.4u.am/origin/product/1024/MODEL_ws_DZ1002_ws_(1).jpg
38,Բրոշ «Phantom» եղնիկ,N:019579,Phantom.am,,https://4u.am/hy/product/bros-phantom-egnik,20000,Բրոշը պատրաստված է 925 հարգի արծաթից:,https://static.4u.am/origin/product/1024/MQcHqNshOlNgidnv.jpg
39,Ժամացույց  «Casio» ձեռքի  MTP-1370L-7AVDF,00-00005779,Time,Casio,https://4u.am/hy/product/zamacuyc-casio-jerki-mtp-1370l-7avdf,31200,"Ապրանքանիշ` Casio
Արտադրման երկիր` Չինաստան, Թայլանդ, Ճապոնիա
Սեռ` տղամարդու
Մեխանիզմի տեսակ` կվարց
Ապրանքի անվանում`  Quartz Wristwatch /  MTP-1370L-7AVDF
Բրենդի գրանցման երկիրը` Ճապոնիա
Թվատախտակի գույնը ` արծաթագույն
Գոտու տեսակը` գոտի
Գոտու նյութը` կաշի
Գոտու գույնը` սև
Տիպ` ձեռքի ժամացույց
Գործում է 1 տարվա երաշխիք",https://static.4u.am/origin/product/1024/oIWAKE9v5d3bQFSK.jpg
40,Շապիկ `3 dzook` «Ընկերներ»,N:002359,3 dzook,3 dzook,https://4u.am/hy/product/sapik-3-dzook-nkerner,12900,"Բարձրորակ տպագիր կանացի շապիկ։
Բամբակ - 95%,
Լայկրա - 5%, 
Չափերը S, M, L, XL:",https://static.4u.am/origin/product/1024/0005868_0.jpeg
41,Քարտապանակ «Marashlian Maison» №2,N:023826,Marashlyan Maison and photoatelier,Anna Mirzoyan Bags,https://4u.am/hy/product/kartapanak-marashlian-maison-no2,20000,"Քարտապանակը կարված է բարձրորակ իտալական կաշվից: Արտադրված է Հայաստանում:


Նյութը՝ բնական կաշի:",https://static.4u.am/origin/product/1024/Zox5hyUQnrNNLVNv.jpg
42,Պայուսակ «Diplomat» տղամարդու №1,N:013193,Diplomat,,https://4u.am/hy/product/payusak-diplomat-tgamardu,18800,"Տղամարդու սև պայուսակ պատրաստված բնական կաշվից:

Պայուսակի չափը.
Երկարությունը՝ 26 սմ:
Լայնությունը՝ 23 սմ:",https://static.4u.am/origin/product/1024/BM5SMQzp99HuiAOl.jpg
43,Արևային ակնոց «Danz» № DZ4504,N:003433,Danz,Danz,https://4u.am/hy/product/arevayin-aknoc-danz-no-dz4504,29000,"Ոճային ու հարմարավետ։ Այս նոր մոդելն իր ձևով և գույներով վստահաբար կհամապատասխանի յուրաքանչյուր ճաշակի։


Չափը` 52-19-145:


Նյութը` ացետատ:",https://static.4u.am/origin/product/1024/MODEL_ws_DZ4504_ws_(7).jpg
44,Պայուսակ «Diplomat» տղամարդու №2,N:013204,Diplomat,,https://4u.am/hy/product/payusak-diplomat-tgamardu-no2-2,37500,"Շագանակագույն պայուսակ պատրաստված բնական կաշվից:

Պայուսակի չափը.
Երկարությունը՝ 38 սմ:
Լայնությունը՝ 8 սմ:
Բարձրությունը՝ 32 սմ:",https://static.4u.am/origin/product/1024/13k5rp16Op7iXs-D.jpg
45,Շապիկ `3 dzook` «Ընկերներ»,N:002360,3 dzook,3 dzook,https://4u.am/hy/product/sapik-3-dzook-nkerner-2,9900,"Բարձրորակ տպագիր կանացի շապիկ։
Բամբակ - 95%,
Լայկրա -  5%,
Չափսերը S, M, L, XL:",https://static.4u.am/origin/product/1024/0005867_0.jpeg
46,Օպտիկական ակնոց «Danz» № DZ1304-2,N:003584,Danz,Danz,https://4u.am/hy/product/optikakan-aknoc-danz-no-dz1304-2,23000,"Դասական ու հարմարավետ։ Այս մոդելը իր ձևով և գույներով վստահաբար կհամապատասխանի յուրաքանչյուր ճաշակի։


Չափը՝ 54-18-145:


Նյութը` ացետատ:",https://static.4u.am/origin/product/1024/MODEL-DZ1304-(1).jpg
47,Շապիկ `3 dzook` «Ընկերներ»,N:002361,3 dzook,3 dzook,https://4u.am/hy/product/sapik-3-dzook-nkerner-3,8900,"Բարձրորակ տպագիր կանացի շապիկ։
Բամբակ - 95%,
Լայկրա - 5%,
Չափսերը S, M, L, XL:",https://static.4u.am/origin/product/1024/0005656_0.jpeg
48,Ժամացույց  «Casio» ձեռքի  GM-5600-1DR,00-00015645,Time,Casio,https://4u.am/hy/product/zamacuyc-casio-jerki-gm-5600-1dr,88160,"Ապրանքանիշ` Casio
Արտադրման երկիր` Չինաստան, Թայլանդ, Ճապոնիա
Սեռ` տղամարդու
Մեխանիզմի տեսակ` կվարց
Ապրանքի անվանում` Quartz Wristwatch / GM-5600-1DR
Բրենդի գրանցման երկիրը` Ճապոնիա
Թվատախտակի գույնը ` սև
Գոտու տեսակը` գոտի
Գոտու նյութը` ռեզին
Գոտու գույնը` սև
Տիպ` ձեռքի ժամացույց
Գործում է 1 տարվա երաշխիք",https://static.4u.am/origin/product/1024/oJD77Cu0voEvVVgL.jpg
49,Արևային ակնոց «Danz» № DZ2852,N:003443,Danz,Danz,https://4u.am/hy/product/arevayin-aknoc-danz-no-dz2852,23000,"Բարձրաճաշակ ու հարմարավետ մոդել, որը յուրովի համապատասխանում է յուրաքանչյուրին։


Չափը` 46-23-140:


Նյութը` ացետատ, մետաղ:",https://static.4u.am/origin/product/1024/MODEL_ws_DZ2852_ws_(1).jpg
50,Շապիկ և նոթատետր `3 dzook` «Ընկերներ»,N:002324,3 dzook,3 dzook,https://4u.am/hy/product/sapik-ev-notatetr-3-dzook-nkerner,13500,"Բարձրորակ տպագիր կանացի շապիկ։
Բամբակ - 95%,
Լայկրա - 5%,
Չափսերը S, M, L, XL: 

Նոթատետր  «Ընկերներ»։",https://static.4u.am/origin/product/1024/0005660_0.jpeg
51,Օպտիկական ակնոց «Danz» № DZ2001,N:003589,Danz,Danz,https://4u.am/hy/product/optikakan-aknoc-danz-no-dz2001,26000,"Պաշտպանիչ ապակիներով ակնոցներ՝ նախատեսված համակարգչի մոտ երկար ժամանակ անցկացող անձանց համար։


Չափը` 54-14-145:


Նյութը` ացետատ:",https://static.4u.am/origin/product/1024/MODEL-DZ2001-(1).jpg
52,Ժամացույց  «Hamilton» ձեռքի H42415541,00-00007789,Time,Hamilton,https://4u.am/hy/product/zamacuyc-hamilton-jerki-h42415541,456000,"Ապրանքանիշ` Hamilton
Արտադրման երկիր` Չինաստան
Սեռ` տղամարդու
Մեխանիզմի տեսակ` ավտոմատ
Ապրանքի անվանում` Automatic Wristwatch /H42415541
Բրենդի գրանցման երկիրը` Շվեյցարիա
Թվատախտակի գույնը ` կապույտ
Գոտու տեսակը` գոտի
Գոտու նյութը` կաշի
Գոտու գույնը` շագանակագույն
Տիպ` ձեռքի ժամացույց
Գործում է 1 տարվա երաշխիք",https://static.4u.am/origin/product/1024/Ahgr67wgzvXoE3i0.jpg
53,Շապիկ և բաժակ `3 dzook` «Ընկերներ»,N:002365,3 dzook,3 dzook,https://4u.am/hy/product/sapik-ev-bazak-3-dzook-nkerner,13500,"Բարձրորակ տպագիր կանացի շապիկ։
Բամբակ - 95%,
Լայկրա -   5%,
Չափսերը S, M, L, XL: 
Կերամիկական բաժակ - 250մլ:",https://static.4u.am/origin/product/1024/0005659_0.jpeg
54,Արևային ակնոց «Danz» № DZ4304,N:003413,Danz,Danz,https://4u.am/hy/product/arevayin-aknoc-danz-no-dz4304,26000,"Ոճային ու հարմարավետ։ Այս նոր մոդելն իր ձևով և գույներով վստահաբար կհամապատասխանի յուրաքանչյուր ճաշակի։


Չափը՝ 59-17-145:


Նյութը` ացետատ:",https://static.4u.am/origin/product/1024/MODEL_ws_DZ4304_ws_(1).jpg
55,Ժամացույց  «Hamilton» ձեռքի  H42415731,00-00007796,Time,Hamilton,https://4u.am/hy/product/zamacuyc-hamilton-jerki-h42415731,456000,"Ապրանքանիշ` Hamilton
Արտադրման երկիր` Չինաստան
Սեռ` Տղամարդու
Մեխանիզմի տեսակ` Ավտոմատ
Ապրանքի անվանում` Automatic Wristwatch /H42415731
Բրենդի գրանցման երկիրը` Շվեյցարիա
Թվատախտակի գույնը ` սև
Գոտու տեսակը` գոտի
Գոտու նյութը` կաշի
Գոտու գույնը` սև
Տիպ` ձեռքի ժամացույց
Գործում է 1 տարվա երաշխիք",https://static.4u.am/origin/product/1024/SvRMwqQqdG176Cce.jpg
56,Գոտի «Monarch» տղամարդու №6,N:006924,Monarch,Monarch,https://4u.am/hy/product/goti-monarch-tgamardu-no6,10700,"Տղամարդու կտորե գոտի:

Գոտու չափը՝

Երկարությունը՝ 1.15 մ:
Լայնությունը՝ 3.9 սմ:",https://static.4u.am/origin/product/1024/wRrcJPzl5diFO5UK.jpg
57,"Արևային ակնոց,մոդել  DZ3203",N:003434,Danz,Danz,https://4u.am/hy/product/arevayin-aknocmodel-dz3203,25000,Եվս մեկ տարբերվող մոդել DANZ-ի յուրօրինակ տեսականուց։Չափ 57-15-145,https://static.4u.am/origin/product/1024/MODEL_ws_DZ3203_ws_(11).jpg
58,Ժամացույց  «Casio» ձեռքի   MTP-1384L-1AVDF,00-00005524,Time,Casio,https://4u.am/hy/product/zamacuyc-casio-jerki-mtp-1384l-1avdf,47300,"Ապրանքանիշ` Casio
Արտադրման երկիր` Չինաստան, Թայլանդ, Ճապոնիա
Սեռ` տղամարդու
Մեխանիզմի տեսակ` կվարց
Ապրանքի անվանում`  Quartz Wristwatch /  MTP-1384L-1AVDF
Բրենդի գրանցման երկիրը` Ճապոնիա
Թվատախտակի գույնը ` շագանակագույն
Գոտու տեսակը` գոտի
Գոտու նյութը` կաշի
Գոտու գույնը` շագանակագույն
Տիպ` ձեռքի ժամացույց
Գործում է 1 տարվա երաշխիք",https://static.4u.am/origin/product/1024/Dwtxz5q0QsXCaUOF.jpg
59,Պայուսակ «Diplomat» տղամարդու №16,N:030135,Diplomat,,https://4u.am/hy/product/payusak-diplomat-tgamardu-no16,40000,"Պայուսակ պատրաստված բնական կաշվից: 


Պայուսակի չափը.
Երկարությունը՝ 37.5 սմ:
Լայնությունը՝ 7.4 սմ:
Բարձրությունը՝ 28 սմ:",https://static.4u.am/origin/product/1024/S6z2oNn1g9ROU9iz.jpg
60,Արևային ակնոց «Danz» № DZ2606-1,N:003446,Danz,Danz,https://4u.am/hy/product/arevayin-aknoc-danz-no-dz2606-1,23000,"Մոդելի օրիգինալ ձևի ու գույների շնորհիվ Դուք մշտապես կլինեք ուշադրության կենտրոնում։


Չափը` 49-23-140:


Նյութը` ացետատ:",https://static.4u.am/origin/product/1024/MODEL_ws_DZ2606_ws_(1).jpg
61,Քարտապանակ «Phantom» թվեր,N:019608,Phantom.am,,https://4u.am/hy/product/kartapanak-phantom-tver,15500,Քարտապանակը պատրաստված է Անգուսի բնական կաշվից:,https://static.4u.am/origin/product/1024/zqsVZDiDyLnC-ybT.jpg
62,Արևային ակնոց «Danz» № DZ2806,N:003442,Danz,Danz,https://4u.am/hy/product/arevayin-aknoc-danz-no-dz2806,23000,"Դասական մոդել՝ յուրօրինակ ու տարբերվող գունային համադրություններով՝ նախատեսված ամենաոճային տղամարդկանց ու կանանց համար։


Չափը` 46-23-145:


Նյութը` ացետատ:",https://static.4u.am/origin/product/1024/MODEL_ws_DZ2806_ws_(1).jpg
63,Ժամացույց «Citizen» ձեռքի NH8363-14H,NH8363-14H,Time,Citizen,https://4u.am/hy/product/zamacuyc-citizen-jerki-nh8363-14h,87920,"Ապրանքանիշ` Citizen
Արտադրման երկիր` Ճապոնիա/Չինաստան
Սեռ` տղամարդու
Մեխանիզմի տեսակ` ավտոմատ
Ապրանքի անվանում` Automatic Wristwatch / NH8363-14H
Բրենդի գրանցման երկիրը` Ճապոնիա
Թվատախտակի գույնը` սև
Գոտու տեսակը` գոտի
Գոտու նյութը` կաշի
Գոտու գույնը` շագանակագույն
Տիպ` ձեռքի ժամացույց
Գործում է 2 տարվա երաշխիք",https://static.4u.am/origin/product/1024/KeCFDfXZO8Jl76MJ.jpg
64,Գոտի «Monarch» տղամարդու №3,N:006921,Monarch,Monarch,https://4u.am/hy/product/goti-monarch-tgamardu-no3,10700,"Տղամարդու կտորե գոտի:

Գոտու չափը՝

Երկարությունը՝ 1.15 մ:
Լայնությունը՝ 3.9 սմ:",https://static.4u.am/origin/product/1024/rsX2Hc0UdW_N9BNn.jpg
65,Ժամացույց «Cluse» ձեռքի CW0101203002,00-00000446,Time,Cluse,https://4u.am/hy/product/zamacuyc-cluse-jerki-cw0101203002,54000,"Ապրանքանիշ` Cluse
Արտադրման երկիր` Նիդերլանդներ
Սեռ` կանացի
Մեխանիզմի տեսակ` կվարց 
Ապրանքի անվանում` Quartz Wristwatch / CW0101203002
Բրենդի գրանցման երկիրը` Նիդերլանդներ
Թվատախտակի գույնը ` սպիտակ
Գոտու տեսակը` շղթա
Գոտու նյութը` չժանգոտվող պողպատ
Գոտու գույնը` արծաթագույն
Տիպ` ձեռքի ժամացույց
Գործում է 1 տարվա երաշխիք",https://static.4u.am/origin/product/1024/U8UHvah9smeBk6gX.jpg
66,Բրոշ «Phantom» բզեզ,N:019580,Phantom.am,,https://4u.am/hy/product/bros-phantom-bzez,25000,Բրոշը պատրաստված է 925 հարգի արծաթից:,https://static.4u.am/origin/product/1024/yMSyj53kykwT8aoZ.jpg
67,Արևային ակնոց «Danz» № DZ1304,N:003590,Danz,Danz,https://4u.am/hy/product/arevayin-aknoc-danz-no-dz1304,23000,"Դասական ու հարմարավետ։ Այս մոդելը իր ձևով և գույներով վստահաբար կհամապատասխանի յուրաքանչյուր ճաշակի։


Չափը` 54-18-145:


Նյութը` ացետատ:",https://static.4u.am/origin/product/1024/MODEL-DZ1304-(5).jpg
68,Թևնոց  « Fossil Group»  JF02703040,00-00003027,Time,Fossil Group,https://4u.am/hy/product/tevnoc-fossil-group-jf02703040,29280,"Ապրանքանիշ`   Fossil
Սեռ` տղամարդու
Երկիր`  ԱՄՆ
Նյութը` կաշի
Նյութի գույնը` շագանակագույն
Bracelet Փականի նյութը` չժանգոտվող պողպատ
Bracelet Փականի գույնը`  արծաթագույն
Զարդի Չափսը`  18
Զարդի Չափսը`   18",https://static.4u.am/origin/product/1024/DwNro5npTiNwnYOR.jpg
69,Թևնոց  «FOSSIL» JF02079040,JF02079040,Time,Fossil Group,https://4u.am/hy/product/tevnoc-fossil-jf02079040,32000,"Ապրանքանիշ` Fossil
Սեռ` տղամարդու
Ապրանքի անվանում` Fossil Bracelet / JF02079040
Տիպ` թևնոց
Երկիր` ԱՄՆ
Նյութը` կաշի
Նյութը 2` չժանգոտվող պողպատ
Նյութի գույնը` սև
Նյութի գույնը 2` արծաթագույն
Գործում է 2 տարվա երաշխիք",https://static.4u.am/origin/product/1024/UDQDJDNyAGFsMI75.jpg
70,Ժամացույց «DKNY» ձեռքի  NY2341,00-00007637,Time,Fossil Group,https://4u.am/hy/product/zamacuyc-dkny-jerki-ny2341,68400,"Ապրանքանիշ` DKNY
Արտադրման երկիր` Գերմանիա/Չինաստան
Սեռ` կանացի
Մեխանիզմի տեսակ` կվարց
Ապրանքի անվանում` Quartz Wristwatch / NY2341
Բրենդի գրանցման երկիրը` ԱՄՆ
Թվատախտակի գույնը` արծաթագույն
Գոտու տեսակը` գոտի
Գոտու նյութը` կաշի
Գոտու գույնը` մոխրագույն
Տիպ` ձեռքի ժամացույց
Գործում է 2 տարվա երաշխիք",https://static.4u.am/origin/product/1024/srqfPu786ZJpN3Jc.jpg
71,Դրամապանակ «Phantom» 8CC,N:019623,Phantom.am,,https://4u.am/hy/product/dramapanak-phantom-8cc,30400,Դրամապանակը պատրաստված է Անգուսի բնական կաշվից:,https://static.4u.am/origin/product/1024/5UiAOLHaj_fOF-36.jpg
72,Մուլտհերոս Star Wars Mandalorian The Child Pram,00-00044743,Reyma,Hasbro,https://4u.am/hy/product/multheros-star-wars-mandalorian-the-child-pram,8990,"Ապրանքանիշ՝ Hasbro,
Նյութը՝ Hasbro, 
Սերիա՝ Star Wars:",https://static.4u.am/origin/product/1024/zELQHHiC25xTvF5x.jpg
73,Մեքենա  BMW 6 GT մանկական,N:008152,Branded Cars,,https://4u.am/hy/product/mekena-bmw-6-gt-mankakan-2,106300,"Մանկական մեքենա BMW 6 GT մոդելի: 

Աշխատում է 2 էլեկտրական շարժիչով, ունի որակյալ մարտկոց (2*6V), անվտանգության 3 գոտիներ, հեռակառավարման վահանակ՝ մինչև 50 մ տարածության համար, լուսային էֆեկտներ, ռադիո, USB, Aux, Bluetooth միացնելու հնարավորություններ: Դռները բացվող են, հայելիները՝ ծալվող: Նստատեղը կաշեպատ է, անիվները՝ ռետինե:

Մեքենայի չափը՝ 106×56×38:
Տարիքը՝ 3-8 տարեկան:",https://static.4u.am/origin/product/1024/PIv9gDYYzMPzTlIr.jpg
74,Հեծանիվ «Rapido» 16-2R08,N:006547,Maat&Co bikes,Rapido Bikes,https://4u.am/hy/product/hecaniv-rapido-no4,47000,"Հեծանիվն ունի պողպատե շրջանակ, պողպատե առջևի զամբյուղ, հետևի պողպատե կրիչ, պողպատե ամբողջական շղթայակապ և ուսուցման անիվներ:

Տեսակը՝ մանկական:
Անիվների տրամագիծը՝ 16 սմ:
Տարիքը՝ 4-8 տ:
Քաշը՝ մինչև 45կգ:
Գույնը՝ կարմիր։",https://static.4u.am/origin/product/1024/5Gt6rMnM4svcsBG-.jpg
75,Hasbro Պլաստիլին PLAY-DOH 8 Գույն Neon,00-00025587,Reyma,Hasbro,https://4u.am/hy/product/hasbro-plastilin-play-doh-8-guyn-neon,5790,"Մատերիալ՝ Պլաստիլին,Պլաստիկ; Տարիք՝ 24M+",https://static.4u.am/origin/product/1024/sELszgB27jPPyIed.jpg
76,"Սկուտեր PE-15073 լուսային էֆեկտով, գոլորշիով և ձայնային ազդանշանով",N:031469,Department Store,,https://4u.am/hy/product/skuter-pe-15073-lusayin-efektov-golorsiov-ev-jaynayin-azdansanov,49400,"Մանկական սկուտեր լուսային էֆեկտով, գոլորշիով և ձայնային ազդանշանով:

Սկուտերի չափերը՝
Երկարությունը՝ 62 սմ:
Բարձրությունը՝ 82 սմ (կարգավորվող):
Տարիքը՝ 6+
Քաշը՝ մինչև 50կգ:
Լիցքավորման աղբյուրը՝ մարտկոց:",https://static.4u.am/origin/product/1024/MNBzNZufhtOuVUCM.jpg
77,Նորածնային տիկնիկ,N:093901,Mankan,Llorens,https://4u.am/hy/product/noracnayin-tiknik-2,23600,"1995 թվականից արտադրվող իսպանական հանրաճանաչ բրենդի տիկնիկն ունի իրական կերպարներին մոտ տեսք, 26 սմ բարձրություն:
Պատրաստված է վինիլից, ունի շարժական ձեռքեր, ոտքեր:
Տիկնիկն ունի բրենդին համապատասխան գեղեցիկ փաթեթավորում և հանդիսանում է լավագույն նվեր աղջիկների համար։

Տուփի չափսը` 32 x 18 x 10 սմ,

Բրենդ` Llorens,

ID 8426265263141",https://static.4u.am/origin/product/1024/aef3106f03bf6bea46.jpg
78,Հեծանիվ «Rapido» 12-2R25,N:006528,Maat&Co bikes,Rapido Bikes,https://4u.am/hy/product/hecaniv-rapido-12-2r25-2,52000,"Հեծանիվն ունի պողպատե շրջանակ, պողպատե առջևի զամբյուղ, հետևի պողպատե կրիչ, պողպատե ամբողջական շղթայակապ և ուսուցման անիվներ:

Տեսակը՝ մանկական:
Անիվների տրամագիծը՝ 12 սմ:
Տարիքը՝ 7-13 տ:
Քաշը՝ մինչև 55 կգ:
Գույնը՝ կանաչ։",https://static.4u.am/origin/product/1024/2tcgIa3QGaWZeYLQ.jpg
79,Hasbro Պլաստիլին PLAY-DOH 4 Տարա,00-00011783,Reyma,Hasbro,https://4u.am/hy/product/hasbro-plastilin-play-doh-4-tara,3190,Մատերիալ՝ Պլաստիլին; Տարիք՝ 24M+,https://static.4u.am/origin/product/1024/WdGiGiQBRvNA-3yW.jpg
80,Խաղալիք «Im wooden toys» փայտե գնացք,N:029619,I am wooden toys,I am wooden toys,https://4u.am/hy/product/xagalik-im-wooden-toys-payte-gnack,8600,"Փայտե գնացքը նախատեսված 3-ից բարձր տարիքի երեխաների համար:

ԳՆացքի չափը՝ 
Երկարությունը՝ 55 սմ:
Հումքը՝ հաճարենու որակյալ փայտ:
Քաշը՝ 800 գրամ:",https://static.4u.am/origin/product/1024/SWRK7WNpYWMfgbAt.jpg
81,Պրոյեկտոր-գիշերալամպ «Chicco» Next 2Moon,N:026286,Mankan,Chicco,https://4u.am/hy/product/proyektor-giseralamp-chicco-next-2moon,32950,"Պրոյեկտոր-գիշերալամպն ունի դասական երաժշտություն և բնության ձայներ արձակելու հնարավորություն և 3 խաղային ռեժիմ՝ 15, 30, 45 րոպե տևողությամբ: Նպաստում է ուշադրության կենտրոնացման հմտությունների զարգացմանը։ 
Չափը` 62 x 41 x 20 սմ:
Տարիքը` 0-1 տ:

",https://static.4u.am/origin/product/1024/0c9739ddaa15c45936.jpg
82,Տիկնիկ Ալեքսանդրա,N:093903,Mankan,Llorens,https://4u.am/hy/product/tiknik-aleksandra,42200,"1995 թվականից արտադրվող իսպանական հանրաճանաչ բրենդի տիկնիկն ունի իրական կերպարներին մոտ տեսք, 42 սմ բարձրություն։
Փորիկի մասը փափուկ է և սեղմելու ընթացքում կարողանում է ասել՝ մամա, պապա, ինչպես նաև արձակում է լացի ձայներ։
Տիկնիկն ունի բրենդին համապատասխան գեղեցիկ փաթեթավորում և հանդիսանում է լավագույն նվեր աղջիկների համար։

Տուփի չափսը՝ 49 x 25 x 15 սմ,

Բրենդ՝ Llorens,

ID 8426265422623",https://static.4u.am/origin/product/1024/9a43ecf2ab212bd144.jpg
83,Հեծանիվ «Rapido» 12-2R08,N:006537,Maat&Co bikes,Rapido Bikes,https://4u.am/hy/product/hecaniv-rapido-no2,43000,"Հեծանիվն ունի պողպատե շրջանակ, պողպատե առջևի զամբյուղ, հետևի պողպատե կրիչ, պողպատե ամբողջական շղթայակապ և ուսուցման անիվներ:

Տեսակը՝ մանկական:
Անիվների տրամագիծը՝ 12 սմ:
Տարիքը՝ 3-5 տ:
Քաշը՝ մինչև 35կգ:
Գույնը՝ դեղին։",https://static.4u.am/origin/product/1024/6aNiOWXxtKSyLIX8.jpg
84,Polesie Զինվորական Ուղղաթիռ «Սաֆարի-Որոտ»,00-00030838,Reyma,Polesie,https://4u.am/hy/product/polesie-zinvorakan-owggatir-safari-orot,2190,Մատերիալ՝ Պլաստիկ; Տարիք՝ 3Y+,https://static.4u.am/origin/product/1024/BZkEamb5-RAk-3z0.jpg
85,Ծեփամածիկի հավաքածու «Մեգա»,N:002317,Dream makers,Dream Makers,https://4u.am/hy/product/cepamaciki-havakacu-mega,12000,"Հավաքածուն ներառում է 34 հատ խմոր 50 գրամ յուրաքանչյուրը (17 գույն), 2 դանակ , 10 ֆորմա, 4 կնիք, 1 գրտնակ:
Կոդ՝ TA1084:",https://static.4u.am/origin/product/1024/F8uZ5Z_ONvOEfX0R.jpg
86,Խաղալիք տոստեր №1,N:021795,Mankan,,https://4u.am/hy/product/xagalik-toster-no1,4650,"Տոստերը պատրաստված է երեխայի համար անվտանգ բարձրորակ պլաստիկայից։ Նպաստում է մտածողության,  նոր կերպարներ ստեղծելու և երևակայելու ունակությանը։ 
Տուփի չափը` 18 x 19 x 10 սմ:
Տարիքը` 3 - 6 տ:",https://static.4u.am/origin/product/1024/aa1e063e71069c10DSC_0295.jpg
87,Տիկնիկ Կառլա,N:093904,Mankan,Llorens,https://4u.am/hy/product/tiknik-karla,38500,"1995 թվականից արտադրվող իսպանական հանրաճանաչ բրենդի տիկնիկն ունի իրական կերպարներին մոտ տեսք, 42 սմ բարձրություն:
Փորիկի մասը փափուկ է և սեղմելու ընթացքում կարողանում է ասել՝ մամա, պապա, ինչպես նաև արձակում է լացի ձայներ:
Տիկնիկն ունի բրենդին համապատասխան գեղեցիկ փաթեթավորում և հանդիսանում է լավագույն նվեր աղջիկների համար։

Տուփի չափսը` 49 x 25 x 15 սմ,
Բրենդ` Llorens, 

ID 8426265421602",https://static.4u.am/origin/product/1024/741d42749042f41938.jpg
88,Հեծանիվ «Rapido» 20-3R08,N:006538,Maat&Co bikes,Rapido Bikes,https://4u.am/hy/product/hecaniv-rapido-no3,53000,"Հեծանիվն ունի պողպատե շրջանակ, պողպատե առջևի զամբյուղ, հետևի պողպատե կրիչ, պողպատե ամբողջական շղթայակապ և օգնական անիվներ:

Տեսակը՝ մանկական:
Անիվների տրամագիծը՝ 20 սմ:
Տարիքը՝ 7-13 տարեկան:
Քաշը`մինչև 55 կգ:
Գույնը՝ սև։",https://static.4u.am/origin/product/1024/Ngbq8nDVPBazOy9a.jpg
89,Սկուտեր Pe-15078 լուսային էֆեկտով,N:031413,Department Store,,https://4u.am/hy/product/skuter-pe-15078-lusayin-efektov,23400,"Մանկական սկուտեր լուսային էֆեկտով:

Սկուտերի չափերը՝
Երկարությունը՝ 57 սմ:
Բարձրությունը՝ 87 սմ (կարգավորվող):
Տարիքը՝ 6+
Լիցքավորման աղբյուրը՝ մարտկոց 3 հատ:",https://static.4u.am/origin/product/1024/mwlbgjMy0JFAkfel.jpg
90,Սայլակ տիկնիկի №2,N:021149,Mankan,,https://4u.am/hy/product/saylak-tikniki-no2,14200,"Եռանիվ տիկնիկի սայլակ, որն ամրացված է մետաղական ամրակներով։

Չափը` 59 x 27 x 37 սմ:
Տարիքը` 2 - 6 տ:",https://static.4u.am/origin/product/1024/a9019407cf03e603DSC_0061.jpg
91,Հեծանիվ «Rapido» 20-2R01,N:006548,Maat&Co bikes,Rapido Bikes,https://4u.am/hy/product/hecaniv-rapido-no5,49500,"Հեծանիվն ունի պողպատե շրջանակ, պողպատե առջևի զամբյուղ, հետևի պողպատե կրիչ, պողպատե ամբողջական շղթայակապ և ուսուցման անիվներ:

Տեսակը՝ մանկական:
Անիվի տրամագիծը՝ 20 սմ:
Տարիքը՝ 7-13 տարեկան:
Քաշը`մինչև 55 կգ:
Գույնը՝ կապույտ։",https://static.4u.am/origin/product/1024/qmsw2x5BtXbKM8Z6.jpg
92,Ծեփամածիկ «Թխվածքաբլիթների խանութ» մանկական,N:002307,Dream makers,Dream Makers,https://4u.am/hy/product/cepamacik-txvackablitneri-xanut-mankakan,5250,"Խմորը մոդելավորելու համար պարագաներ: 3+ տարեկան երեխաների համար: Մածիկը պատրաստված է խմորից (ալյուր, ջուր, օսլա, աղ, հոտ, ներկ):


Հավաքածուի կազմը՝ պլաստիլինի խմոր 8 փաթեթ,/50 գր յուրաքանչյուրը, 2 ափսեներ, 2 գդալ, 1 գրտնակ, ֆորմաներ,1 դանակ :


Տուփի չափերը՝


Երկարություն՝ 24.5 սմ
Լայնություն՝ 6 սմ
Բարձրություն՝ 14 սմ",https://static.4u.am/origin/product/1024/2Br23s6jm4ydh7qo.jpg
93,Սկուտեր Pe-15084 լուսային էֆեկտով,N:031414,Department Store,,https://4u.am/hy/product/skuter-pe-15084-lusayin-efektov,18100,"Մանկական սկուտեր լուսային էֆեկտով:

Սկուտերի չափերը՝
Երկարությունը՝ 58 սմ:
Բարձրությունը՝ 78 սմ (կարգավորվող):
Տարիքը՝ 6+
Լիցքավորման աղբյուրը՝ մարտկոց 2 հատ:",https://static.4u.am/origin/product/1024/q_ryqKnAESAm9hLx.jpg
94,"Բարբի «Barbie» Dreamtopia, Flying Wings Fairy",N:021198,Mankan,Barbie,https://4u.am/hy/product/barbi-barbie-dreamtopia-flying-wings-fairy,19700,"Կոմպլեկտի մեջ ներառված են թիթեռնիկի տեսքով 2 զույգ թևեր, որոնք ամրանում են տիկնիկի մեջքին։ Թևերի շարժումները ակտիվացնելու համար անհրաժեշտ է 4 անգամ սեղմել իրանի վրա գտնվող մանուշակագույն ժապավենը, այնուհետև կրծկալի թիթեռնիկը։

Տուփի չափը` 32 x 23 x 6 սմ:
Տարիքը` 4 - 8+ տ.:",https://static.4u.am/origin/product/1024/c1ddd8eb8f52359eDSC_0180.jpg
95,"Չխչխկան «Chicco» օրորոցային, սկյուռիկ, Soft Cuddles",N:021509,Mankan,Chicco,https://4u.am/hy/product/cxcxkan-chicco-ororocayin-skyurik-soft-cuddles,14200,"Չխկչխկան  օրորոցային սկյուռիկը պատրաստված է բարձրորակ նյութերով և անվտանգ է երեխայի համար։ Նպաստում է ուշադրության կենտրոնացման հմտությունների զարգացմանը։ 
Չափը` 20 x 16 x 2 սմ:
Տարիքը` 0 - 1 տ:",https://static.4u.am/origin/product/1024/deabae31039e8b83129.jpg
96,Բալանս բայկ «Rapido» BR001,N:006826,Maat&Co bikes,Rapido Bikes,https://4u.am/hy/product/hecaniv-rapido-no6,47000,"Ալյումինե կմախքով բալանսավորվող հեծանիվ, որն ունի ձողի ալյումինե գլխիկներ, ալյումինե եզրեր և ամուր անվադողեր: 
Բալանս բայկը չունի ոտնակներ և օգնող անիվներ, երեխան առաջ շարժվելու համար պետք է հրի ինքն իրեն որտքերով, ինչի շնորհիվ երեխայի մոտ զարգանում է հավասարակշռության զգացումն ու կոորդինացիան:


Տեսակը՝ մանկական:
Անիվների տրամագիծը՝ 12 սմ:
Տարիքը՝ 3-5 տ:
Քաշը՝ մինչև 35կգ:
Գույնը՝ կապույտ։",https://static.4u.am/origin/product/1024/gwAM3QPIqyEAg-ev.jpg
97,Ravensburger 3D Փազլ «Ազատության Արձան» 108p,00-00030461,Reyma,Ravensburger,https://4u.am/hy/product/ravensburger-3d-pazl-azatutyan-arjan-108p,25900,Մատերիալ` Պլաստիկ; Տարիք՝ 10-99Y,https://static.4u.am/origin/product/1024/8JI6gPCL3rzdfZtp.jpg
98,Մեքենա Bentley EXP 12 մանկական,N:008156,Branded Cars,,https://4u.am/hy/product/mekena-bentley-exp-12-mankakan,97500,"Մանկական մեքենա Bentley EXP 12 Amg մոդելի: 

Աշխատում է 2 էլեկտրական շարժիչով, ունի որակյալ մարտկոց (2*6V), անվտանգության 2 գոտիներ, ամորտիզացիոն համակարգ, հեռակառավարման վահանակ՝ մինչև 50 մ տարածության համար, լուսային էֆեկտներ, ռադիո, USB, Aux, Bluetooth միացնելու հնարավորություններ: Դռները և բեռնախցիկը բացվող են, հայելիները՝ ծալվող: Նստատեղը կաշեպատ է, անիվները՝ ռետինե:

Մեքենայի չափը՝ 109×57×28:
Տարիքը՝ 3-8 տարեկան:",https://static.4u.am/origin/product/1024/E-gHYj3cF5uWrtZk.jpg
99,Hasbro Պլաստիլին PLAY-DOH Հավաքածու «Հավը»,00-00031467,Reyma,Hasbro,https://4u.am/hy/product/hasbro-plastilin-play-doh-havakacu-hav,16900,"Մատերիալ՝ Պլաստիլին,Պլաստիկ; Տարիք՝ 3Y+",https://static.4u.am/origin/product/1024/KnWs0oiISKn1KfUA.jpg
100,Բալանս բայկ «Rapido» BR001,N:006827,Maat&Co bikes,Rapido Bikes,https://4u.am/hy/product/hecaniv-rapido-no7,47000,"Ալյումինե կմախքով բալանսավորվող հեծանիվ, որն ունի ձողի ալյումինե գլխիկներ, ալյումինե եզրեր և ամուր անվադողեր: 
Բալանս բայկը չունի ոտնակներ և օգնող անիվներ, երեխան առաջ շարժվելու համար պետք է հրի ինքն իրեն որտքերով, ինչի շնորհիվ երեխայի մոտ զարգանում է հավասարակշռության զգացումն ու կոորդինացիան:


Տեսակը՝ մանկական:
Անիվների տրամագիծը՝ 12 սմ:
Տարիքը՝ 3-5 տ:
Քաշը՝ մինչև 35կգ:
Գույնը՝ կարմիր։",https://static.4u.am/origin/product/1024/1Q95MQv449v2POij.jpg
101,Ravensburger 3D Փազլ «Բիգ Բեն՝ ժամացույցի մեխանիզմով» 216p,00-00012038,Reyma,Ravensburger,https://4u.am/hy/product/ravensburger-3d-pazl-big-ben-zamacuyci-mexanizmov-216p,25900,Մատերիալ` Պլաստիկ; Տարիք՝ 10-99Y,https://static.4u.am/origin/product/1024/NgCa_g8ayH9_RuoJ.jpg
102,Ծեփամածիկի հավաքածու «Թվեր և տառեր»,N:002319,Dream makers,Dream Makers,https://4u.am/hy/product/cepamaciki-havakacu-tver-ev-tarer,7500,"Հավաքածուն ներառում է ներդիրներ առաջադրանքներով, որոնք կօգնեն բառեր կազմել և ծանոթանալ հաշվարկման հիմունքներին:
Պլաստիլինային խմոր` 6 գույն, յուրաքանչյուրը 50 գ, այբուբենի և համարների ուսումնասիրության համար քարտեր `43 հատ, ուսումնական ներդիրներ` 2 հատ, գրտնակ՝ 1 հատ, տուփ՝ 1 հատ, կաղապարներ`4 հատ:
Երեխան կսովորի այբուբենը, գրել և տարբերակել տառերն ու համարները: 

Կոդ՝ TA1083:",https://static.4u.am/origin/product/1024/WVSKeKkwM8x-HGMw.jpg
103,Խաղալիք «Goki Toys» գույների սորտավորման տախտակ,N:006390,Baby Land,Goki Toys,https://4u.am/hy/product/xagalik-goki-toys-guyneri-sortavorman-taxtak,12800,"Խաղի միջոցով երեխան կտարբերի գույները և կզարգացնի ձեռքի մոտորիկան:


Խաղալիքի չափը՝ 27.5 x 9.8 x 23 սմ:


Քաշը՝ 680 գ:


Նյութը՝ փայտ:


Տարիքը՝ 4+",https://static.4u.am/origin/product/1024/njsECvB4F2594kWI.jpg
104,Տիկնիկ լողորդ «Nancy»,N:021730,Mankan,,https://4u.am/hy/product/tiknik-logord-nancy,14300,"Նենսին դելֆինի հետ հաղորդակցվում է հատուկ նշանների միջոցով։ Տիկնիկի թևերը շարժական են, որով էլ պայմանավորված է դելֆինի շարժումները։
Տուփի չափը` 45 x 27 x 11 սմ:
Տարիքը` 3 - 5 տ:
Մարտկոց` 5 հատ GP AA:",https://static.4u.am/origin/product/1024/8931990c68836d3711.jpg
105,Նստոց փափուկ  №2,N:021004,Mankan,,https://4u.am/hy/product/nstoc-papuk-no2,18200,"Չափսը՝ 30 x 50 x 47 սմ:


Տարիքը՝ 3 - 7:",https://static.4u.am/origin/product/1024/cc83e383755c9c7bDSC_0025.jpg
106,Բալանս բայկ «Rapido» BR001,N:006828,Maat&Co bikes,Rapido Bikes,https://4u.am/hy/product/hecaniv-rapido-no8,47000,"Ալյումինե կմախքով բալանսավորվող հեծանիվ, որն ունի ձողի ալյումինե գլխիկներ, ալյումինե եզրեր և ամուր անվադողեր: 
Բալանս բայկը չունի ոտնակներ և օգնող անիվներ, երեխան առաջ շարժվելու համար պետք է հրի ինքն իրեն որտքերով, ինչի շնորհիվ երեխայի մոտ զարգանում է հավասարակշռության զգացումն ու կոորդինացիան:


Տեսակը՝ մանկական:
Անիվների տրամագիծը՝ 12 սմ:
Տարիքը՝ 3-5 տ:
Քաշը՝ մինչև 35կգ:
Գույնը՝ դեղին։",https://static.4u.am/origin/product/1024/hHoAOa5AN14O_C3_.jpg
107,Ravensburger 3D Փազլ «Էմփայր Սթեյթ Բիլդինգ» 216p,00-00006624,Reyma,Ravensburger,https://4u.am/hy/product/ravensburger-3d-pazl-empayr-steyt-bilding-216p,25900,Մատերիալ` Պլաստիկ; Տարիք՝ 12-99Y,https://static.4u.am/origin/product/1024/AXlRizoB2ZJG2wB8.jpg
108,Կոմպոզիցիա «Աբինսկ» փնջային վարդերով,N:078267,Cataleya,,https://4u.am/hy/product/kompozicia-abinsk-pnjayin-varderov,37000,"Ծաղիկները՝ փնջային վարդ:


Ծաղիկների քանակը՝
Փնջային վարդ՝ 14 ճյուղ


Կոմպոզիցիայի չափերը՝
Բարձրությունը՝ 31 սմ
Տրամագիծը՝ 38 սմ


Մատուցվում է գեղեցիկ տուփով՝ ինչպես պատկերված է նկարում:",https://static.4u.am/origin/product/1024/YDhtC2rybHBXXOGG.jpg
109,Կոմպոզիցիա «Դացիո» փնջային վարդերով,N:093734,Cataleya,,https://4u.am/hy/product/kompozicia-dacio-pnjayin-varderov,24000,"Ծաղիկները՝ փնջային վարդ՝ 18 ճյուղ։

Կոմպոզիցիայի չափերը՝
Բարձրությունը՝ 28 սմ
Լայնությունը՝ 30 սմ


Մատուցվում է գեղեցիկ տուփով՝ ինչպես պատկերված է նկարում:",https://static.4u.am/origin/product/1024/64O99QkTHFigSKDs.jpg
110,Ծաղկեփունջ «Դեզիո» փնջային վարդերով,N:093735,Cataleya,,https://4u.am/hy/product/cagkepunj-dezio-pnjayin-varderov,29000,"Ծաղիկները՝ փնջային վարդ՝ 1 կապ։

Կոմպոզիցիայի չափերը՝
Բարձրությունը՝ 67 սմ
Լայնությունը՝ 47 սմ


Մատուցվում է գեղեցիկ փաթեթավորմամբ՝ ինչպես պատկերված է նկարում:",https://static.4u.am/origin/product/1024/fXouzU_V4EoblmLW.jpg
111,Կոմպոզիցիա «Անիվա» փնջային վարդերով,N:079381,Cataleya,,https://4u.am/hy/product/kompozicia-aniva-pnjayin-varderov,41400,"Ծաղիկները՝ փնջային վարդ:


Ծաղիկների քանակը՝
Փնջային վարդ՝ 31 ճյուղ


Կոմպոզիցիայի չափերը՝
Բարձրությունը՝ 41 սմ
Տրամագիծը՝ 40 սմ


Մատուցվում է գեղեցիկ տուփով՝ ինչպես պատկերված է նկարում:",https://static.4u.am/origin/product/1024/uwQDAj0NfIPMAi1W.jpg
112,Ծաղկեփունջ «Maretim» վարդերով 15 հատ,N:089218,Baghramyan Varder,,https://4u.am/hy/product/cagkepunj-maretim-varderov-15-hat,15000,"Ծաղիկները՝ վարդեր


Ծաղիկների քանակը՝
Վարդեր՝ 15 հատ


Ծաղկեփնջի չափերը՝
Երկարությունը՝ 80 սմ",https://static.4u.am/origin/product/1024/qNlq7BC7IWxkA4N2.jpg
113,Ծաղկեփունջ ''Բագա'' վարդերով և լիզիանտուսներով,N:090504,Flowers Kiosq,,https://4u.am/hy/product/cagkepunj-baga-varderov-ev-liziantusnerov,37000,"Ծաղկեփունջը ներառում է՝
- վարդ
- պիոնանման վարդ
- լիզիանտուս
- էվկալիպտ
- քրիզանթեմ
- սարի սմբուլ
- չորածաղիկներ

Ծաղկեփնջի չափսերը՝ 
Լայնություն՝ 50 սմ
Բարձրություն՝ 52 սմ

Պատվիրել առաքումից առնվազն 1 օր շուտ։",https://static.4u.am/origin/product/1024/4f3edgwMomOoL827.jpg
114,Ծաղկեփունջ «Դեյվա» փնջային վարդերով,N:093736,Cataleya,,https://4u.am/hy/product/cagkepunj-deyva-pnjayin-varderov,23000,"Ծաղիկները՝ փնջային վարդ՝ 11 ճյուղ։

Կոմպոզիցիայի չափերը՝
Բարձրությունը՝ 66 սմ
Լայնությունը՝ 37 սմ


Մատուցվում է գեղեցիկ փաթեթավորմամբ՝ ինչպես պատկերված է նկարում:",https://static.4u.am/origin/product/1024/8FiftGlH0zx78-02.jpg
115,Վարդեր «Jumilia» վարդագույն 29 հատ,N:000498,Baghramyan Varder,,https://4u.am/hy/product/varder-jumilia-vardaguyn-29-hat,26100,"Վարդեր «Jumilia» վարդագույն:


Քանակը ՝ 29 հատ:


Երկարությունը՝ 80 սմ:",https://static.4u.am/origin/product/1024/7I4iYQnFV8tB1LjK.jpg
116,Ծաղկեփունջ «Օպիդո» լիզիանտուսներով և դաշտային ծաղիկներով,N:089475,Poppy Flowers,,https://4u.am/hy/product/cagkepunj-opido-liziantusnerov-ev-dastayin-cagiknerov,12000,"Ծաղիկները՝ լիզիանտուս, դաշտային ծաղիկներ


Ծաղիկների քանակը՝ 

Լիզիանտուս՝ 20 ճյուղ


Ծաղկեփնջի չափերը`
Լայնությունը՝ 50 սմ
Երկարությունը՝ 70 սմ",https://static.4u.am/origin/product/1024/qp5AL1gsHIb-4SbV.jpg
117,Ծաղկեփունջ «Մանիլա» վարդերով,N:086163,Bella,,https://4u.am/hy/product/cagkepunj-manila-varderov,14000,"Ծաղիկները՝ Փնջային վարդ, վարդ, չորածաղիկ, դաշտային ծաղիկ, լիմոնիում, լվածաղիկ


Ծաղիկների քանակը՝
Փնջային վարդ՝ 5 ճյուղ

Վարդ՝ 5 հատ
Չորածաղիկ՝ 1 կապ
Լիմոնիում՝ 0,5 կապ
Դաշտային ծաղիկ՝ 1 կապ
Տանացետում՝ 0,5 կապ

Ծաղկեփնջի չափերը՝
Տրամագիծը՝ 39 սմ
Բարձրությունը՝ 45 սմ",https://static.4u.am/origin/product/1024/EeekPMqiyFtl3V-S.jpg
118,Կոմպոզիցիա «Դիանո» փնջային վարդերով,N:093737,Cataleya,,https://4u.am/hy/product/kompozicia-diano-pnjayin-varderov,30000,"Ծաղիկները՝ փնջային վարդ՝ 1 կապ։

Կոմպոզիցիայի չափերը՝
Բարձրությունը՝ 31 սմ
Լայնությունը՝ 30 սմ


Մատուցվում է գեղեցիկ տուփով՝ ինչպես պատկերված է նկարում:",https://static.4u.am/origin/product/1024/fnDoOY-zubcNRLCt.jpg
119,Կոմպոզիցիա ''Բատեա'' վարդերով և թրաշուշաններով,N:090517,Flowers Kiosq,,https://4u.am/hy/product/kompozicia-batea-varderov-ev-trasusannerov,45000,"Ծաղկեփունջը ներառում է՝
- վարդ
- պիոնանման վարդ
- թրաշուշան
- գեորգինա
- աստղածաղիկ
- լիզիանտուս
- քրիզանթեմ
- անթուրիում
- ամարանտ
- զինածաղիկ
- դեկորատիվ բույսեր

Ծաղկեփնջի չափսերը՝
Լայնություն՝ 56 սմ
Բարձրություն՝ 46 սմ

Պատվիրել առաքումից առնվազն 1 օր շուտ։",https://static.4u.am/origin/product/1024/4DDglmMdA3EYg6Jt.jpg
120,Ծաղկեփունջ «Կորդովա» վարդագույն փնջային վարդերով,N:079749,Bella,,https://4u.am/hy/product/cagkepunj-kordova-vardaguyn-pnjayin-varderov,56000,"Ծաղիկներ՝ փնջային վարդ:
Երկարությունը՝ 70 սմ:
Քանակը՝ 4 կապ:",https://static.4u.am/origin/product/1024/txzLYMjqiMRP_9Hd.jpg
121,Կոմպոզիցիա «Բանարի» փնջային վարդերով և լիմոնիումներով,N:090626,Cataleya,,https://4u.am/hy/product/kompozicia-banari-pnjayin-varderov-ev-limoniumnerov,17150,"Ծաղիկները՝ փնջային վարդ, լիմոնիում, գիպսոֆիլիա։


Ծաղիկների քանակը՝
Փնջային վարդ՝ 11 ճյուղ
Լիմոնիում՝ 3 ճյուղ
Գիպսոֆիլիա՝ 2 ճյուղ


Կոմպոզիցիայի չափերը՝
Բարձրությունը՝ 19 սմ
Լայնությունը՝ 38 սմ


Մատուցվում է գեղեցիկ տուփով՝ ինչպես պատկերված է նկարում:",https://static.4u.am/origin/product/1024/ticD_Sw2xVJ3xeaB.jpg
122,"Կոմպոզիցիա «Տորոնտո» փնջային վարդերով, քրիզանթեմներով, կոնֆետներով",N:077320,Bella,,https://4u.am/hy/product/kompozicia-toronto-pnjayin-varderov-krizantemnerov-konfetnerov,30000,"Ծաղիկները՝ փնջային վարդ, վարդ, քրիզանթեմ


Կոմպոզիցիայի չափերը`


Լայնությունը՝ 46 սմ
Երկարությունը՝  35 սմ

Ծաղիկների քանակը՝ 
Փնջային վարդ՝ 5 ճյուղ
Վարդ՝ 9 հատ
Քրիզանթեմ՝ 1 կապ

Կոնֆետների քանակը՝ 12",https://static.4u.am/origin/product/1024/spPWh8QRWQ53lB4B.jpg
123,Ծաղկեփունջ «Անոյա» փնջային վարդերով,N:089191,Baghramyan Varder,,https://4u.am/hy/product/cagkepunj-anoya-pnjayin-varderov,56000,"Ծաղիկները՝ փնջային վարդեր


Ծաղիկների քանակը՝
Փնջային վարդեր՝ 4 կապ


Ծաղկեփնջի չափերը՝
Երկարությունը՝ 70 սմ",https://static.4u.am/origin/product/1024/nTg6AH-XmkTrHc5a.jpg
124,Կոմպոզիցիա ''Բալբոա'' վարդերով և գեորգինաներով,N:090515,Flowers Kiosq,,https://4u.am/hy/product/kompozicia-balboa-varderov-ev-georginanerov,73000,"Ծաղկեփունջը ներառում է՝
- վարդ
- պիոնանման վարդ
- փնջային վարդ
- գեորգինա
- լիզիանտուս
- թրաշուշան
- քրիզանթեմ
- էվկալիպտ
- աստղածաղիկ
- մեխակ
- դեկորատիվ բույսեր

Ծաղկեփնջի չափսերը՝
Լայնություն՝ 93 սմ
Բարձրություն՝ 65 սմ

Պատվիրել առաքումից առնվազն 1 օր շուտ։",https://static.4u.am/origin/product/1024/NO6uxYBBtTEu8Xzu.jpg
125,Ծաղկեփունջ «Մուսոնի» դրախտավարդերով և լիզիանտուսներով,N:087719,Poppy Flowers,,https://4u.am/hy/product/cagkepunj-musoni-draxtavarderov-ev-liziantusnerov,17000,"Ծաղիկները՝ վարդ, դրախտավարդ, լիզիանտուս, դաշտային ծաղիկներ և դեկորատիվ կանաչ


Ծաղիկների քանակը՝ 
Վարդ՝ 5 հատ
Դրախտավարդ՝ 1 հատ
Լիզիանտուս՝ 20 ճյուղ



Ծաղկեփնջի չափերը`
Լայնությունը՝ 50 սմ
Երկարությունը՝ 70 սմ",https://static.4u.am/origin/product/1024/c4R6BFRkyByQHq-w.jpg
126,Փնջային վարդեր վարդագույն,N:077337,Baghramyan Varder,,https://4u.am/hy/product/pnjayin-varder-vardaguyn,28000,"Ծաղիկներ՝ փնջային վարդ:
Երկարությունը՝ 70 սմ:
Քանակը՝ 2 կապ:",https://static.4u.am/origin/product/1024/ARMFTjdFK2umw34x.jpg
127,Ծաղկեփունջ «Բրանտֆորդ» վարդերով և չորածաղիկներով,N:018323,Bella,,https://4u.am/hy/product/cagkepunj-brantford-varderov-ev-coracagiknerov,20000,"Ծաղիկներ՝ վարդ, չորածաղիկներ:

Ծաղիկների քանակը՝
Վարդ՝ 1 կապ
Չորածաղիկ՝ 2 կապ


Ծաղկեփնջի չափերը՝


Երկարությունը՝ 60 սմ
Տրամագիծը՝ 40 սմ",https://static.4u.am/origin/product/1024/5MRpzzYCtegRCmew.jpg
128,Ծաղկեփունջ «Անտոնիմինա» փնջային վարդերով,N:089192,Baghramyan Varder,,https://4u.am/hy/product/cagkepunj-antonimina-pnjayin-varderov,56000,"Ծաղիկները՝ փնջային վարդեր


Ծաղիկների քանակը՝
Փնջային վարդեր՝ 4 կապ


Ծաղկեփնջի չափերը՝
Երկարությունը՝ 70 սմ",https://static.4u.am/origin/product/1024/d_MiMZRYmtwofv1O.jpg
129,Ծաղկեփունջ «Լարդերո» վարդերով,N:018294,Bella,,https://4u.am/hy/product/cagkepunj-lardero-varderov,10000,"Ծաղիկներ՝ վարդ:

Ծաղիկների քանակը՝

Ջումելիա՝ 15 հատ


Ծաղկեփնջի չափսերը՝

Երկարությունը՝ 60 սմ
Տրամագիծը՝ 40 սմ",https://static.4u.am/origin/product/1024/QVMvtdnaUbN-10wV.jpg
130,Ծաղկեփունջ «Մալե» փնջային վարդերով,N:086178,Bella,,https://4u.am/hy/product/cagkepunj-male-pnjayin-varderov,12000,"Ծաղիկները՝ Փնջային վարդ, էվկալիպտ, գիպսոֆիլիա, լիմոնիում, քրիզանթեմ


Ծաղիկների քանակը՝

Փնջային վարդ՝ 5 ճյուղ
Լիմոնիում՝ կես կապ
Էվկալիպտ՝ 1 կապ
Գիպսոֆիլիա՝ 1 ճյուղ
Քրիզանթեմ՝ 2 ճյուղ

Ծաղկեփնջի չափերը՝
Տրամագիծը՝ 46 սմ
Բարձրությունը՝ 57 սմ",https://static.4u.am/origin/product/1024/N97TvDOvsIn5g3_4.jpg
131,Ծաղկեփունջ «Լա Մալբե» դրախտավարդերով և լիզիանտուսներով,N:087731,Poppy Flowers,,https://4u.am/hy/product/cagkepunj-la-malbe-draxtavarderov-ev-liziantusnerov,17000,"Ծաղիկները՝ վարդ, դրախտավարդ, լիզիանտուս, դաշտային ծաղիկներ և դեկորատիվ կանաչ


Ծաղիկների քանակը՝ 
Վարդ՝ 7 հատ
Դրախտավարդ՝ 1 հատ
Լիզիանտուս՝ 20 ճյուղ



Ծաղկեփնջի չափերը`
Լայնությունը՝ 50 սմ
Երկարությունը՝ 70 սմ",https://static.4u.am/origin/product/1024/Gzg2O7VhIZGs_hR7.jpg
132,Կոմպոզիցիա «Տրեվիսո» վարդերով,N:026120,Bella,,https://4u.am/hy/product/kompozicia-treviso-varderov,35000,"Ծաղիկները՝ վարդ, չորածաղիկ:

Ծաղիկների քանակները՝
Վարդ՝ 2 փունջ
Գիպսոֆիլա՝ 2 ճյուղ


Կոմպոզիցիայի չափերը՝
Երկարությունը՝ 47 սմ
Տրամագիծը՝ 51 սմ",https://static.4u.am/origin/product/1024/JmKYq2ogEhlqEzdj.jpg
133,Ծաղկեփունջ ''Բադալոնա'' վարդերով և քրիզանթեմներով,N:090505,Flowers Kiosq,,https://4u.am/hy/product/cagkepunj-badalona-varderov-ev-krizantemnerov,36000,"Ծաղկեփունջը ներառում է՝
- վարդ
- պիոնանման վարդ
- փնջային վարդ
- էվկալիպտ
- քրիզանթեմ
- աստղածաղիկ
- գեորգինա
- մեխակ
- սարի սմբուլ

Ծաղկեփնջի չափսերը՝
Լայնություն՝ 65 սմ
Բարձրություն՝ 50 սմ

Պատվիրել առաքումից առնվազն  օր շուտ։",https://static.4u.am/origin/product/1024/bRd37OuP3u1pY6GS.jpg
134,Վարդեր «Armine» դեղին 45 հատ,N:074047,Baghramyan Varder,,https://4u.am/hy/product/varder-armine-degin-45-hat,45000,"Վարդեր «Armine» դեղին:
Ծաղիկներ՝ վարդ:
Երկարությունը՝ 80 սմ:
Քանակը՝ 45 հատ:
Այն մատուցվում է այնպես, ինչպես պատկերված է նկարում:",https://static.4u.am/origin/product/1024/8Sc-lVbasuFpCsDn.jpg
135,Վարդ «EM Flowers» հավերժական 17սմ,N:024388,EM flowers,,https://4u.am/hy/product/vard-em-flowers-haverzakan-17sm-4,17000,"Ծաղիկներ՝ վարդ:
 Օգտագործվում են բացառապես երկարակյաց բնական վարդեր, որոնք չեն թառամում 3 և ավելի տարի: Ծաղիկները անցնում են հատուկ մշակում, որի շնորհիվ պահպանում են իրենց թարմությունն այսքան երկար: Անվնաս են առողջության համար: Պահպանել ոչ խոնավ, չոր վայրում, արևի ճառագայթներից հեռու: Կենդանի, բնական, կայունացված վարդեր, որոնք կդառնան շքեղ նվեր կամ ինտերիերի ձևավորում: 


Կոլբայի բարձրությունը: 17 սմ",https://static.4u.am/origin/product/1024/yr2tYPtjNprbRMGP.jpg
136,Ծաղկեփունջ «Լիվնի» փնջային վարդերով,N:085658,Cataleya,,https://4u.am/hy/product/cagkepunj-livni-pnjayin-varderov,18000,"Ծաղիկները՝ փնջային վարդ:


Ծաղիկների քանակը՝
Փնջային վարդ՝ 11 ճյուղ


Ծաղկեփունջի չափերը՝
Բարձրությունը՝ 64 սմ
Տրամագիծը՝ 38 սմ


Մատուցվում է գեղեցիկ փաթեթավորմամբ՝ ինչպես պատկերված է նկարում:",https://static.4u.am/origin/product/1024/3An82fEh0GXVyMit.jpg
137,Կոմպոզիցիա «Բիվոնջի» փնջային վարդերով և լիզիանտուսներով,N:089472,Poppy Flowers,,https://4u.am/hy/product/kompozicia-bivonji-pnjayin-varderov-ev-liziantusnerov,20000,"Ծաղիկները՝ փնջային վարդ, դրախտավարդ, լիզիանտուս, անթորիում, դաշտային ծաղիկներ


Ծաղիկների քանակը՝ 
Փնջային վարդ՝ 6 ճյուղ 
Դրախտավարդ՝ 2 հատ
Լիզիանտուս՝ 7 ճյուղ
Անթորիում՝ 3 հատ


Ծաղկեփնջի չափերը`
Լայնությունը՝ 40 սմ
Երկարությունը՝ 40 սմ",https://static.4u.am/origin/product/1024/uRO63vBD8hvELLqP.jpg
138,Ծաղկեփունջ «Վիգանելլա» փնջային վարդերով և գիպսոֆիլիաներով,N:039670,Cataleya,,https://4u.am/hy/product/cagkepunj-viganella-pnjayin-varderov-ev-gipsofilianerov,35000,"Ծաղիկները՝ փնջային վարդ, գիպսոֆիլիա:


Ծաղիկների քանակը՝
Փնջային վարդ՝ 21 ճյուղ
Գիպսոֆիլիա՝ 5 ճյուղ



Ծաղկեփնջի չափերը՝
Բարձրությունը՝ 50 սմ
Տրամագիծը՝ 40 սմ


Մատուցվում է գեղեցիկ փաթեթավորմամբ՝ ինչպես պատկերված է նկարում:",https://static.4u.am/origin/product/1024/BSdzNLkttp0wSJcO.jpg
139,Ծաղկեփունջ «Maretim» վարդերով 51 հատ,N:089220,Baghramyan Varder,,https://4u.am/hy/product/cagkepunj-maretim-varderov-51-hat,51000,"Ծաղիկները՝ վարդեր


Ծաղիկների քանակը՝
Վարդեր՝ 51 հատ


Ծաղկեփնջի չափերը՝
Երկարությունը՝ 80 սմ",https://static.4u.am/origin/product/1024/PWIqttsFyR6L5Kqb.jpg
140,Ծաղկեփունջ «Օրիլիա» դրախտավարդերով և լիզիանտուսներով,N:087730,Poppy Flowers,,https://4u.am/hy/product/cagkepunj-orilia-draxtavarderov-ev-liziantusnerov,19000,"Ծաղիկները՝ վարդ, դրախտավարդ, լիզիանտուս, դաշտային ծաղիկներ և դեկորատիվ կանաչ


Ծաղիկների քանակը՝ 
Վարդ՝ 5 հատ
Դրախտավարդ՝ 2 հատ
Լիզիանտուս՝ 20 ճյուղ



Ծաղկեփնջի չափերը`
Լայնությունը՝ 50 սմ
Երկարությունը՝ 70 սմ",https://static.4u.am/origin/product/1024/6X-vDGqToKxV2Eox.jpg
141,Վարդեր «Talea» 15 հատ,N:074093,Baghramyan Varder,,https://4u.am/hy/product/varder-talea-15-hat,12000,"Վարդեր  «Talea»:
Ծաղիկներ՝ վարդ:
Երկարությունը՝ 80 սմ:
Քանակը՝ 15 հատ:
Այն մատուցվում է այնպես, ինչպես պատկերված է նկարում:",https://static.4u.am/origin/product/1024/wf3JcJAF7ncKjFTz.jpg
142,Ծաղկեփունջ «Սինոպոլի» անթորիումով և լիզիանտուսներով,N:089432,Poppy Flowers,,https://4u.am/hy/product/cagkepunj-sinopoli-antoriumov-ev-liziantusnerov,13000,"Ծաղիկները՝ լիզիանտուս, փնջային վարդ, անթորիում, դաշտային ծաղիկներ


Ծաղիկների քանակը՝ 

Լիզիանտուս՝ 10 ճյուղ
Անթորիում՝ 2 հատ
Փնջային վարդեր՝ 5 ճյուղ



Ծաղկեփնջի չափերը`
Լայնությունը՝ 50 սմ
Երկարությունը՝ 70 սմ",https://static.4u.am/origin/product/1024/NN7QNyCPX3oA0Lef.jpg
143,Փնջային վարդեր սպիտակ,N:077333,Baghramyan Varder,,https://4u.am/hy/product/pnjayin-varder-spitak,28000,"Ծաղիկներ՝ փնջային վարդ:
Երկարությունը՝ 70 սմ:
Քանակը՝ 2 կապ:",https://static.4u.am/origin/product/1024/vWswkgKB8AkQaT0t.jpg
144,Նվեր-տուփ «THE BOX» №97,N:052798,THE BOX,,https://4u.am/hy/product/nver-tup-the-box-no97,43000,"Նվեր-տուփը ներառում է՝ 

- վիսկի Chivas Regal 700 մլ, 2 տարեկան
- նուշ՝ 400 գ
- հնդկական ընկույզ՝ 400 գ
- ծիրանի չիր՝ 350 գ
- սալորաչիր՝ 350 գ

Տուփի տեսակը՝ փայտ
Տուփի չափերը՝ 
Երկարությաուն՝ 33 սմ
Լայնությունը՝ 19 սմ
Բարձրությունը՝ 9 սմ",https://static.4u.am/origin/product/1024/Os4HpjgRs1hRQxi1.jpg
145,Նվեր-տուփ «THE BOX» №224,N:077634,THE BOX,,https://4u.am/hy/product/nver-tup-the-box-no224,25000,"Նվեր-տուփը ներառում է՝ 
- Փրփրուն գինի Jp. Chenet 750 մլ 1 հատ
- մակարուններ 3 հատ
- նուշ 100գ
- բույս սուկուլենտ 1 հատ
- մոմ 1 հատ
- կոնֆետներ 3 հատ

Տուփի չափերը.
Երկարությունը՝ 25 սմ:
Լայնությունը՝ 25 սմ:
Բարձրությունը՝ 8 սմ",https://static.4u.am/origin/product/1024/kzw980IX7Q8OWiJI.jpg
146,Նվեր-տուփ «THE BOX» №227,N:077639,THE BOX,,https://4u.am/hy/product/nver-tup-the-box-no227,12900,"Նվեր-տուփը ներառում է՝ 
- Արջուկ 1 հատ
- Raffaello 16 հատ
- սրտիկ կոնֆետներ 3 հատ
- փոքր սրտիկ կոնֆետներ 50 գ

Տուփի չափերը.
Տրամագիծը՝ 19 սմ:
Բարձրությունը՝ 19 սմ",https://static.4u.am/origin/product/1024/GIpklJltvvUi4kvH.jpg
147,Քաղցր կոմպոզիցիա «THE BOX» №230,N:077642,THE BOX,,https://4u.am/hy/product/kagcr-kompozicia-the-box-no230,9500,"Նվեր-տուփը ներառում է՝ 
- Merci կոնֆետներ 23 հատ
- Ferrero Rocher կոնֆետներ 12 հատ

Չափերը.
Տրամագիծը՝ 15 սմ:
Բարձրությունը՝ 7 սմ",https://static.4u.am/origin/product/1024/_Zi913A3Q7lG1YUU.jpg
148,Նվեր-տուփ «THE BOX» №88,N:051040,THE BOX,,https://4u.am/hy/product/nver-tup-the-box-no88,7500,"Նվեր-տուփը ներառում է՝ 

- Դեղձի ջեմ` 450 մլ
- Մեղր` 30 գ
- Մեղրի գդալ
- Մեխակ՝ 20 գ
- Դարչին՝ 2 հատ
- Շոկոլադ Lee` 1 հատ
- Նարնջի չիպս
- Թեյ՝ խոտաբույսերով
- Թրմիչ

Տուփի չափերը՝ 
Երկարությաուն՝ 24 սմ
Լայնությունը՝ 20 սմ
Բարձրությունը՝ 8 սմ",https://static.4u.am/origin/product/1024/dQcDWpVt2cQM9cHi.jpg
149,Նվեր տուփ «THE BOX» №220,N:076580,THE BOX,,https://4u.am/hy/product/nver-tup-the-box-no220,4800,"Նվեր-տուփը ներառում է՝

- գարեջուր Dargett Vienna Lager 330 մլ 1 հատ
- բաժակ գարեջրի 350 մլ 1 հատ
- գետնանուշ 150 գրամ
- աղի կրեկերներ 150 գրամ


Տուփի չափերը՝
Երկարությունը՝ 25 սմ
Լայնությունը՝ 20 սմ
Բարձրությունը՝ 7 սմ",https://static.4u.am/origin/product/1024/LqOzHouJL7zI3F9D.jpg
150,Նվեր տուփ «THE BOX» Նուտելլա,N:004025,THE BOX,,https://4u.am/hy/product/nver-tup-the-box-nutella,12500,"Նվեր տուփը ներառում է` նոթատետր, Nutella, գրիչ`2 հատ, Kinder bueno`2 հատ, Kinder delice, Kinder joy ձվիկ, Kinder country, Kinder բատոն, Nuttela ներարկիչ:
Տուփի չափերը.
Երկարությունը՝ 25 սմ:
Լայնությունը՝ 15 սմ:


",https://static.4u.am/origin/product/1024/vmKC3SmbZwN3Yio7.jpg
151,Նվեր-տուփ «THE BOX» №66,N:030474,THE BOX,,https://4u.am/hy/product/nver-tup-the-box-no66,5500,"Նվեր-տուփը ներառում է՝ մեղր 370գ, խոտաբույսերով թեյ 50գ, թխվածքաբլիթներ 7 հատ:

Նվեր տուփի չափը՝ 
Երկարությունը՝ 24 սմ:
Լայնությունը՝ 13 սմ:
Բարձրությունը՝ 9 սմ:
Տուփը՝ փայտե:",https://static.4u.am/origin/product/1024/xdNkQMdODUK8DwhE.jpg
152,Նվեր-տուփ «THE BOX» №89,N:051874,THE BOX,,https://4u.am/hy/product/nver-tup-the-box-no89,22000,"Նվեր-տուփը ներառում է՝ 

- վիսկի Jack Daniel’s 0.05լ, 3 հատ
- թղվածքաբլիթ շոկոլադե 100գրամ

- շոկոլադ Ritter Sport 5 հատ

- նուշ 100 գրամ 
- պնդուկ100 գրամ 
- ընկույզ 7 հատ
- վիսկիի բաժակ

Տուփի չափերը՝ 
Երկարությաուն՝ 25 սմ
Լայնությունը՝ 25 սմ
Բարձրությունը՝ 8 սմ",https://static.4u.am/origin/product/1024/-pu7sB9i7TVCIDPd.jpg
153,Շոկոլադապատ ելակ «Sweet Elak»  You make me smile,N:051988,Sweet Elak,,https://4u.am/hy/product/sokoladapat-elak-sweet-elak-you-make-me-smile,9500,"Տուփը ներառում է 9 շոկոլադապատ ելակ։ 
Շոկոլադը՝ բելգիական
Տուփի չափերը՝  16x16x4.5սմ

",https://static.4u.am/origin/product/1024/G9o1Z3D1m9KI0qjz.jpg
154,Նվեր-տուփ «THE BOX» №243,N:078078,THE BOX,,https://4u.am/hy/product/nver-tup-the-box-no243,29500,"Նվեր-տուփը ներառում է՝
- Փրփրուն գինի Jp. Chenet  750 մլ 1 հատ
- շամպայնի բաժակ 1 հատ
- հնդկական ընկույզ 50 գ
- նուշ 50 գ
- չրի տեսականի 150 գ
- LEE կոնֆետներ 10 հատ
- շարֆ 1 հատ

Տուփի չափերը՝Երկարությունը՝ 25 սմ:
Լայնությունը՝ 21 սմ
Բարձրությունը՝ 30 սմ",https://static.4u.am/origin/product/1024/Uon79CUbogmUkg2I.jpg
155,Նվեր-տուփ «Crafts by Ro» №16,N:080018,Crafts by Ro,,https://4u.am/hy/product/nver-tup-crafts-by-ro-no16,32000,"Նվեր-տուփն իր մեջ ներառում է`
- Նորածնի խաղալիք նապաստակ 30 սմ
- փայտե ամրակով չխչխկան նապաստակ
- ամրակ
- վուշե գոգնոց
- մազակալների հավաքածու
- գործված գլխարկ 0-6 ամսեկան փոքրիկների համար
- երեխայի տարիքը նշող փայտե կլորակներ

Այն հիանալի նվեր է նորածնին և նրա ծնողներին։ Տուփում կգտնեք միայն բնական և պետքական իրեր։



Տուփի չափսերը՝
Երկարություն՝ 25 սմ
Լայնություն՝ 25 սմ
Բարձրությունը՝ 10 սմ",https://static.4u.am/origin/product/1024/FoOq_YW2FDfwXHdb.jpg
156,Նվեր-տուփ «Ochaar» №14,N:088641,Ochaar,,https://4u.am/hy/product/nver-tup-ochaar-no14,6300,"Նվեր-տուփը ներառում է՝- դեմքը խոնավեցնող շիճուկ՝ 2 հատ
- շուրթերի յուղ՝ 1 հատ
- խոնավեցնող դիմակ՝ 1 հատ
- ձեռքի կրեմ՝ 1 հատ
- դիմահարդարման սպունգ՝ 1 հատ

Տուփի չափերը՝
Երկարությունը՝ 220 մմ
Լայնությունը՝ 95 մմ
Բարձրությունը՝ 50 մմ",https://static.4u.am/origin/product/1024/o8U-eGZvKkhfdd7G.jpg
157,Նվեր-տուփ «THE BOX» №41,N:022665,THE BOX,,https://4u.am/hy/product/nver-tup-the-box-no41,10000,"Նվեր-տուփը ներառում է՝ 
- փրփրուն գինի Bottega 200 մլ
- շամպայնի բաժակ 2 հատ
- մակարուններ 3 հատ

Տուփի չափերը՝
Երկարությունը՝ 24 սմ
Լայնությունը՝ 20 սմ
Բարձրությունը՝ 8 սմ

Տուփի տեսակը՝ քրաֆթ",https://static.4u.am/origin/product/1024/skOzTOyCC4UG_T8O.jpg
158,Շոկոլադապատ ելակ «Sweet Elak» I love you to the moon and back,N:077721,Sweet Elak,,https://4u.am/hy/product/sokoladapat-elak-sweet-elak-i-love-you-to-the-moon-and-back,9800,"Տուփը ներառում է 9 շոկոլադապատ ելակ։ 
Շոկոլադը՝ բելգիական
Տուփի չափերը՝  16x16x5 սմ

",https://static.4u.am/origin/product/1024/_eFi3hBx1zmEfQrh.jpg
159,Նվեր-տուփ «THE BOX» №87,N:051039,THE BOX,,https://4u.am/hy/product/nver-tup-the-box-no87,9500,"Նվեր-տուփը ներառում է՝ 

- Բաժակ 300մլ
- Մեղր 30գ
- Թեյ
- Շոկոլադ Lee
- Մեղրի գդալ

Տուփի չափերը՝ 
Երկարությաուն՝ 18 սմ
Լայնությունը՝ 18 սմ
Բարձրությունը՝ 6 սմ",https://static.4u.am/origin/product/1024/jTg_tbAWU103LNej.jpg
160,Նվեր-տուփ «THE BOX» №3,N:085159,THE BOX,,https://4u.am/hy/product/nver-tup-the-box-no3-2,28500,"Տուփը պարունակում է՝

- Ritter Sport շոկոլադե կոնֆետներ 4 հատ
- Lee շոկոլադե կոնֆետներ 3 հատ
- Դրաժե 50 գրամ
- Ritter Sport շոկոլադե կոնֆետներ 3 հատ
- Շոկոլադե սալիկ Ritter Sport պնդուկ 100գ
- Lee շոկոլադե կոնֆետներ 2 հատ
- Դրաժե 150 գրամ
- Վիսկի Jack Daniels 350ml 
- Ferrero Rocher շոկոլադե կոնֆետներ 6 հատ



Տուփի չափերը՝
Երկարությունը՝ 25 սմ 
Լայնությունը՝ 17 սմ
Բարձրությունը՝ 5 սմ",https://static.4u.am/origin/product/1024/-QRfCLHGQ1OtCRIY.jpg
161,Կոմպոզիցիա «THE BOX» №1 տակդիրներով,N:082465,THE BOX,,https://4u.am/hy/product/kompozicia-the-box-no1-takdirnerov,20000,"Կոմպոզիցիան ներառում է՝ 
- Տակդիրներ Pampers 1-ին համարի 42 հատ
- Փափուկ խաղալիք նապաստակ


Կոմպոզիցիայի չափերը՝ 
Տրամագիծը՝ 25 սմ
Բարձրությունը՝ 25 սմ",https://static.4u.am/origin/product/1024/3bgGQf4Z5DglS1Ge.jpg
162,"Նվեր-տուփ «THE BOX» №97 մանկական, աղջկա համար",N:085331,THE BOX,,https://4u.am/hy/product/nver-tup-the-box-no97-mankakan-agjka-hamar,8700,"Նվեր-տուփը ներառում է՝ 


- Նկարչական ալբոմ  24 թերթանի
- Վաֆլե կոն Messori
- Ծամվող մարմելադ Vidal ելակով 20 գրամ
- Ծամվող մարմելադ Fruittella 138 գրամ


- Էջանշան գունավոր
- Սառնաշաքար
- Սլայմ բու
- Սլայմ թիթեռնիկով
- Ջրաներկ 6 գույն
- Ներկապնակ
- Մատիտների հավաքածու 12 գույն 





Տուփի չափերը՝  
Երկարությունը՝ 19  սմ 
Լայնությունը՝ 26 սմ
Բարձրությունը՝ 10 սմ

Ապրանքները ենթակա են փոփոխության համարժեք գնով եւ տեսքով ապրանքների հետ:",https://static.4u.am/origin/product/1024/JobjgjhVXZdkNlnH.jpg
163,Նվեր-տուփ «THE BOX» №75 մանկական,N:082446,THE BOX,,https://4u.am/hy/product/nver-tup-the-box-no75-mankakan,24500,"Հավաքածուն ներառում է՝ 

- Խաղալիք արջուկ․ Չափերը՝ Բարձրությունը՝ 15 սմ
- Մանկական տակաշոր 

- Մանկական գոգնոց
- Գլխազարդ
- Ձեռագործ շղթա ծծակի և խաղալիքների համար


Տուփի չափերը՝ 
Երկարությունը՝ 25 սմ
Լայնությունը՝ 20 սմ
Բարձրությունը՝ 9 սմ",https://static.4u.am/origin/product/1024/uSIfgPMI8zOm3dzB.jpg
164,Նվեր-տուփ «Jpit.am» №11,12950,Jpit.am,,https://4u.am/hy/product/nver-tup-jpitam-no11,12500,"Նվեր-տուփը ներառում է՝


- Թերմոբաժակ 350 մլ
- Շոկոլադե բացիկ 20գ
- Կաթնային շոկոլադե հավաքածու 45 գ
- Կաթնային շոկոլադ 27 գ
- Թեյ պլաստիկ տարայում
- Մեծ շոկոլադե կոմիքս 45 գ
- Շոկոլադե շքանշան 25 գ


Տուփի չափերը՝
Երկարությունը՝ 20 սմ
Լայնությունը՝ 20 սմ
Բարձրությունը՝ 8 սմ",https://static.4u.am/origin/product/1024/PXrP6RknQ9eWOo4M.jpg
165,"Նվեր-տուփ «THE BOX» №87 մանկական, աղջկա համար",N:085290,THE BOX,,https://4u.am/hy/product/nver-tup-the-box-no87-mankakan-agjka-hamar,12500,"Նվեր-տուփը ներառում է՝ 


- Գրիչ մանուշակագույն միաեղջյուրով
- Գրիչ մանուշակագույն 
- Հայելի 
- Milka կաթնային սալիկ 90 գրամ
- Չծամվող մարմելադ Fruittella 138 գ
- Նոթատետր <<Ես մունաթ չեմ >>
- Զեֆիր Сладкий снег վանիլային, կակաոյի համար 12 գ
- Թերմոս 350 մլ




Տուփի չափերը՝  
Երկարությունը՝ 19 սմ 
Լայնությունը՝ 26 սմ
Բարձրությունը՝ 10 սմ

Ապրանքները ենթակա են փոփոխության համարժեք գնով եւ տեսքով ապրանքների հետ:",https://static.4u.am/origin/product/1024/z2rsJKVgVq9ZCQ8z.jpg
166,Նվեր-տուփ «THE BOX» №255,N:080658,THE BOX,,https://4u.am/hy/product/nver-tup-the-box-no255,16000,"Նվեր-տուփը ներառում է 
- Թերմոս  350մլ
- նոթատետր

- մազակալ
- Sorini շոկոլադե կոնֆետներ 3 հատ
- հայելի
- գրիչ


Տուփի չափերը՝
Երկարությունը՝ 19 սմ:
Լայնությունը՝ 26 սմ:
Բարձրությունը՝ 10 սմ",https://static.4u.am/origin/product/1024/gA-z-Hbk3C0oOoB-.jpg
167,Նվեր-տուփ «Crafts by Ro» №9,N:038118,Crafts by Ro,,https://4u.am/hy/product/nver-tup-crafts-by-ro-no9-2,16000,"Նվեր-տուփը իր մեջ ներառում է չխկչխկան խաղալիք Դելֆին, խաղալիքի և ծծակի ամրակ, փայտյա թվեր՝ ֆոտոսեսիայի համար: Շրխական խաղալիքի գործված է կիսաբամբակյա թելով, լցոնված է հոլլոֆայբերով, փայտը բնական է, մեղրամոմով մշակված, ներսում կա զանգակ։
Ամրակը 18սմ է, պատրաստված է բնական փայտից և բամբակյա հելյունագործ գնդիկներով։
Փայտյա թվերը նախատեսված են ֆոտոշութերի համար

Տուփի չափսերը՝
Երկարություն՝ 15 սմ
Լայնություն՝ 15 սմ",https://static.4u.am/origin/product/1024/S6GwXTCnVWQPVFcX.jpg
168,Նվեր-տուփ «EM Flowers» հավերժական հորտենզիաներով և շոկոլադներով,N:037990,EM flowers,,https://4u.am/hy/product/nver-tup-em-flowers-haverzakan-hortenzianerov-ev-sokoladnerov,9600,"Նվեր-տուփը ներառում է հավերժական հորտենզիա, շոկոլադե կոնֆետ Ferrero Rocher 9 հատ և բացիկ։
Տուփի չափերը՝ 24*14*9 սմ։",https://static.4u.am/origin/product/1024/2-C_p5nmAsNe_rgp.jpg
169,Նվեր-տուփ «Cataleya» №1,N:076543,Cataleya,,https://4u.am/hy/product/nver-tup-cataleya-no1,34300,"Նվեր-տուփը ներառում է՝
- Olmega Tequila 1 հատ 0,5մլ
- շոկոլադ Ritter Sport 1 հատ
- բաժակ տեկիլայի 1 հատ


Տուփի չափերը՝
Լայնությունը՝ 17 սմ
Բարձրությունը՝ 26 սմ",https://static.4u.am/origin/product/1024/K9Jn0i71jzRVgnCM.jpg
170,Նվեր-տուփ «THE BOX» №237,N:078066,THE BOX,,https://4u.am/hy/product/nver-tup-the-box-no237,14000,"Նվեր-տուփը ներառում է՝ 
- Մակարուն 3 հատ
- մոմ ապակե ամանով 1 հատ
- Նուշ 50 գ
- Հնդկական ընկույզ 50 գ
- Ritter Sport կոնֆետներ 2 հատ
- Գինի Takar կարմիր, չոր 187 մլ  1 հատ
- Ծաղկաման 1 հատ։ 
Ծաղկամանի չափսերը՝
Տրամագիծը՝ 8 սմ
Բարձրությունը՝ 10 սմ

Տուփի չափերը՝Երկարությունը՝ 25 սմ:
Լայնությունը՝ 25 սմ
Բարձրությունը՝ 8 սմ",https://static.4u.am/origin/product/1024/GGSkX-Z_ON2i6NBs.jpg
171,"Նվեր-տուփ «THE BOX» №86 մանկական, աղջկա համար",N:085289,THE BOX,,https://4u.am/hy/product/nver-tup-the-box-no86-mankakan-agjka-hamar,11000,"Նվեր-տուփը ներառում է՝ 


- Քանոն 
- Popit
- Ապակե բաժակ ֆրեշի համար 
- Շոկոլադե ձվիկ Kinder joy աղջիկների համար 20գր
- Դրաժե 100 գրամ
- Ռետին նարինջ
- Շոկոլադե սալիկ Roshen Lacmi
- Տառերի հավաքածու պլաստմասե ամանով
- Դրաժե M&Ms 130գ




Տուփի չափերը՝  
Երկարությունը՝ 19 սմ 
Լայնությունը՝ 26 սմ
Բարձրությունը՝ 10 սմ

Ապրանքները ենթակա են փոփոխության համարժեք գնով եւ տեսքով ապրանքների հետ:",https://static.4u.am/origin/product/1024/6qesraRN8NGLjAep.jpg
172,Նվեր տուփ «THE BOX» Սանտորինի,N:005071,THE BOX,,https://4u.am/hy/product/nver-tup-the-box-santorini,23000,"Նվեր տուփը ներառում է` վիսկի Jack Daniels 500 մլ, վիսկիի ապակյա բաժակ 1 հատ, խմիչք Coca Cola 2 հատ 250 մլ, բաժակ:


Տուփի չափերը՝ 
Երկարությունը՝ 24 սմ
Լայնությունը՝ 24 սմ
Բարձրությունը՝ 7 սմ
Տուփը՝ փայտե",https://static.4u.am/origin/product/1024/EkhBULprCD7qaKpi.jpg
173,Նվեր-տուփ «THE BOX» №244,N:078079,THE BOX,,https://4u.am/hy/product/nver-tup-the-box-no244,16000,"Նվեր-տուփը ներառում է՝ 
- Մակարուն 4 հատ
- Հնդկական ընկույզ 50 գ
- շոկոլադե կոնֆետներ 3 հատ
- շամպայն Bottega 200 մլ 1 հատ
- Ծաղկաման 350 մլ 1 հատ։ 
Ծաղկամանի չափսերը՝
Տրամագիծը՝ 7 սմ
Բարձրությունը՝ 18 սմ

Տուփի չափերը՝Երկարությունը՝ 25 սմ:
Լայնությունը՝ 25 սմ
Բարձրությունը՝ 8  սմ",https://static.4u.am/origin/product/1024/V7PGlUl620pS9Yo6.jpg
174,"Նվեր-տուփ «THE BOX» №89 մանկական, աղջկա համար",N:085295,THE BOX,,https://4u.am/hy/product/nver-tup-the-box-no89-mankakan-agjka-hamar,22500,"Նվեր-տուփը ներառում է՝ 


- Փափուկ խաղալիք նապաստակ։ Չափերը՝ բարձրությունը՝ 18 սմ
- Սանր 
- Գրիչ 
- Հայելի 
- Զեֆիր Сладкий снег 85գր
- Մարշմելո 30 գրամ 
- Սառնաշաքար
- Նոթատետր վարդագույն 
- Թերմոս 350 մլ
- Ակնոց մանկական
- Մազերի բրոշ




Տուփի չափերը՝  
Երկարությունը՝ 25 սմ 
Լայնությունը՝ 15 սմ
Բարձրությունը՝ 13 սմ

Ապրանքները ենթակա են փոփոխության համարժեք գնով եւ տեսքով ապրանքների հետ:",https://static.4u.am/origin/product/1024/7Ov-QK0f8GLeM1nu.jpg
175,Շոկոլադապատ ելակ «Sweet Elak» I love you mom,N:080213,Sweet Elak,,https://4u.am/hy/product/sokoladapat-elak-sweet-elak-i-love-you-mom,9800,"Տուփը ներառում է 9 շոկոլադապատ ելակ։ 
Շոկոլադը՝ բելգիական
Տուփի չափերը՝ 16x16x4.5 սմ

",https://static.4u.am/origin/product/1024/zWbcK4qDrMsw2qF1.jpg
176,Նվեր-տուփ «Jpit.am» №2,12941,Jpit.am,,https://4u.am/hy/product/nver-tup-jpitam-no2,14190,"Նվեր-տուփը ներառում է՝

- Թերմոբաժակ 350մլ
- Սուրճ 100գ (արաբիկա+ռոբուստա)
- Շոկոլադե բացիկ 20գ
- Շոկոլադե սալիկներ դեղահաբերի տեսքով 24գ
- Քաղցր դրաժե դեղահաբերի տեսքով 100գ
- Սուրճ 50գ (կոկոս և կաթնային շոկոլադ)+ 10 հատ սուրճի ֆիլտր
- Խնայատուփ մետաղյա


Տուփի չափերը՝
Երկարությունը՝ 20 սմ
Լայնությունը՝ 20 սմ
Բարձրությունը՝ 8 սմ",https://static.4u.am/origin/product/1024/Wys9mlQ4PFJereCq.jpg
177,"Նվեր-տուփ «EM Flowers» KA-TUN Transformation, կոնֆետներով",N:037973,EM flowers,,https://4u.am/hy/product/nver-tup-em-flowers-ka-tun-transformation-konfetnerov,16000,"KA տրանսֆորմերը կարմիր ռետինե ժապավեն է, որը նախատեսված է ձեռքին կրելու համար։ TUN երախտագիտության քար (բնական ստալակտիտ)։ Տուփը նաև ներառում է թալիսման, կոնֆետներ և օգտագործման ուղեցույց։
Տուփի չափերը՝ 15*11*6 սմ։",https://static.4u.am/origin/product/1024/JJHXx6peVIP8647P.jpg
178,"Նվեր-տուփ «THE BOX» №70 մանկական, տղա երեխայի",N:082335,THE BOX,,https://4u.am/hy/product/nver-tup-the-box-no70-mankakan-tga-erexayi,29000,"Հավաքածուն ներառում է՝ 

- Փափուկ խաղալիք նապաստակ․ Չափերը՝ Երկարությունը՝ 10 սմ, Լայնությունը՝ 27 սմ
- Մանկական սրբիչ 62x25 սմ
- Մանկական տակաշոր մետաքսե
- Տակաշոր
- Մանկական գուլպա
- Գլխարկ
- Ամրակ ծծակի և խաղալիքների համար
- Փայտե խաղալիք

Տուփի չափերը՝ 
Երկարությունը՝ 25 սմ
Լայնությունը՝ 25 սմ
Բարձրությունը՝ 8 սմ",https://static.4u.am/origin/product/1024/1xKglzYWXwva8P2B.jpg
179,"Նվեր-տուփ «THE BOX» №85 մանկական, աղջկա համար",N:085288,THE BOX,,https://4u.am/hy/product/nver-tup-the-box-no85-mankakan-agjka-hamar,14500,"Նվեր-տուփը ներառում է՝ 


- Սանր մանկական 
- Հայելի 
- Կերամիկական բաժակ 
- Գունավոր թուղթ
- Քանոն միաեղջյուրով
- Վարդագույն միաեղջյուրով գրիչ
- Նոթատետր սպիտակ փայլիկներով
- Դակիչ միաղջյուրով
- Մարշմելո 100 գրամ 




Տուփի չափերը՝  
Երկարությունը՝ 19 սմ 
Լայնությունը՝ 26 սմ
Բարձրությունը՝ 10 սմ

Ապրանքները ենթակա են փոփոխության համարժեք գնով եւ տեսքով ապրանքների հետ:",https://static.4u.am/origin/product/1024/Em3kAg3hhDY8406B.jpg
